seed,sample_size,instruments,null_kind,positive_rate,model,roc_auc,pr_auc,brier,log_loss,accuracy,balanced_accuracy,calibration_error,baseline_roc_auc,baseline_pr_auc,baseline_brier,baseline_log_loss,brier_improvement,log_loss_improvement
0,195,5,IID,0.517948717948718,regularized_logistic,0.5155887929218455,0.539037129082414,0.2634969944952593,0.7206430886347642,0.48205128205128206,0.5,0.11780725815316667,0.5,0.517948717948718,0.25032232981143576,0.6937918918244702,-0.013174664683823556,-0.02685119681029402
1,195,5,IID,0.5025641025641026,regularized_logistic,0.5024195245108352,0.4823305101321884,0.25225714679219935,0.6976852577708217,0.5025641025641026,0.5,0.04750604437177175,0.5,0.5025641025641026,0.2500603328552239,0.6932678826184675,-0.0021968139369754613,-0.004417375152354186
2,195,5,IID,0.5230769230769231,regularized_logistic,0.53584229390681,0.55271681309886,0.25336551718002054,0.6998953703467534,0.47692307692307695,0.5,0.06327552669752534,0.5,0.5230769230769231,0.2500449212695644,0.6932439032485289,-0.0033205959104561367,-0.006651467098224506
3,195,5,IID,0.4205128205128205,regularized_logistic,0.480897906324196,0.42966396583830235,0.2592086436587737,0.7116203425771843,0.4205128205128205,0.5,0.12452131764781477,0.5,0.4205128205128205,0.2537114776032882,0.7005746083872483,-0.005497166055485503,-0.01104573418993604
4,195,5,IID,0.5282051282051282,regularized_logistic,0.5377796538623891,0.5634563622144145,0.2553004888285933,0.7037918404789126,0.4717948717948718,0.5,0.07827023589558924,0.5,0.5282051282051282,0.25059546514091957,0.6943382512090626,-0.004705023687673726,-0.009453589269850071
5,195,5,IID,0.46153846153846156,regularized_logistic,0.533968253968254,0.5125252272480274,0.24924218300067094,0.6916313211674623,0.5384615384615384,0.5,0.028553016624465855,0.5,0.46153846153846156,0.24928898299296498,0.6917249453978737,4.679999229403875e-05,9.362423041137102e-05
6,195,5,IID,0.5487179487179488,regularized_logistic,0.5097706032285472,0.5468153425778243,0.247608334991391,0.6883562292726527,0.5487179487179488,0.5,0.003085359472134508,0.5,0.5487179487179488,0.25096842551388,0.6950842541664137,0.0033600905224889788,0.006728024893761009
7,195,5,IID,0.47692307692307695,regularized_logistic,0.4643685431161712,0.4600155375074466,0.25219664321069735,0.6976178682246978,0.5230769230769231,0.5,0.05196611262679035,0.5,0.47692307692307695,0.2505022250476796,0.6941517504697247,-0.0016944181630177413,-0.003466117754973186
8,195,5,IID,0.4205128205128205,regularized_logistic,0.5338873300237427,0.4745061791578425,0.24719602383219644,0.6875363946129908,0.5794871794871795,0.5,0.05939701946641901,0.5,0.4205128205128205,0.24733948745969783,0.6878237641042003,0.00014346362750139452,0.0002873694912095548
9,195,5,IID,0.49230769230769234,regularized_logistic,0.5021043771043772,0.4979383318839163,0.25042125829602746,0.6939906857290697,0.49743589743589745,0.5044191919191919,0.021516698735460037,0.5,0.49230769230769234,0.25054299569701527,0.6942361237608559,0.00012173740098780916,0.000245438031786116
10,195,5,IID,0.5076923076923077,regularized_logistic,0.5277777777777778,0.5483441551453047,0.25124910189227395,0.6956491737028923,0.49230769230769234,0.5,0.03761178080323241,0.5,0.5076923076923077,0.25074474736383073,0.6946377672496504,-0.0005043545284432183,-0.0010114064532418254
11,195,5,IID,0.48205128205128206,regularized_logistic,0.5033705498209395,0.5412644889312468,0.25924474346094806,0.7118513663137709,0.48205128205128206,0.5,0.0980753751108921,0.5,0.48205128205128206,0.250165411848357,0.6934780121776466,-0.009079331612591057,-0.018373354136124287
12,195,5,IID,0.4461538461538462,regularized_logistic,0.5528948488718604,0.4653457379361699,0.25681477974550737,0.7068186843156188,0.4461538461538462,0.5,0.0988480419767635,0.5,0.4461538461538462,0.24957206580046548,0.6922912930632007,-0.00724271394504189,-0.014527391252418087
13,195,5,IID,0.5076923076923077,regularized_logistic,0.4865319865319865,0.4959911558601432,0.2504160923515155,0.6939824353571251,0.5076923076923077,0.5,0.01766498883851897,0.5,0.5076923076923077,0.2500342032122648,0.6932157355629941,-0.0003818891392506907,-0.0007666997941310205
14,195,5,IID,0.49743589743589745,regularized_logistic,0.5039974752787713,0.5228247295442091,0.24995294974303106,0.6930530747650482,0.517948717948718,0.5179360403955396,0.01663127927588246,0.5,0.49743589743589745,0.2500188616792674,0.693184904278055,6.591193623634028e-05,0.00013182951300683143
15,195,5,IID,0.4717948717948718,regularized_logistic,0.5486492190797805,0.5056749075360405,0.24894580619338566,0.6910371927136447,0.5230769230769231,0.49514563106796117,0.012356137803947297,0.5,0.4717948717948718,0.24922243296398072,0.6915912945340881,0.000276626770595062,0.0005541018204433534
16,195,5,IID,0.48205128205128206,regularized_logistic,0.5688856119654518,0.520407837972181,0.2501924820487168,0.693536329496838,0.517948717948718,0.5,0.026817524186779518,0.5,0.48205128205128206,0.2505986875633758,0.6943448326289653,0.0004062055146589749,0.000808503132127325
17,195,5,IID,0.5230769230769231,regularized_logistic,0.5543959519291588,0.5779317219990218,0.24950738709753492,0.6921618389749847,0.5230769230769231,0.5037950664136622,0.01789212573611348,0.5,0.5230769230769231,0.251680580876674,0.6965113608797975,0.0021731937791390765,0.004349521904812748
18,195,5,IID,0.46153846153846156,regularized_logistic,0.4324867724867725,0.4284085084470646,0.2488976319083214,0.6909417575615842,0.5384615384615384,0.5,0.01345819767500911,0.5,0.46153846153846156,0.25145445088345164,0.6960571203403517,0.002556818975130243,0.005115362778767563
19,195,5,IID,0.48717948717948717,regularized_logistic,0.4292631578947368,0.4328982828770548,0.25031227594354144,0.6937737176624634,0.5128205128205128,0.5,0.01200697662862571,0.5,0.48717948717948717,0.2501509809999667,0.6934506891163997,-0.00016129494357475238,-0.00032302854606369724
20,195,5,IID,0.5128205128205128,regularized_logistic,0.5296842105263158,0.5459196439807943,0.24967597430299934,0.6924989735405447,0.5128205128205128,0.5,0.0024219105089356985,0.5,0.5128205128205128,0.250512802999655,0.6941779072118646,0.0008368286966556615,0.0016789336713198821
21,195,5,IID,0.48205128205128206,regularized_logistic,0.5264377501579945,0.510854377336085,0.24952298040665233,0.6921924368817821,0.517948717948718,0.5,0.00226280733250811,0.5,0.48205128205128206,0.2499710157110609,0.6930892119298978,0.0004480353044085672,0.0008967750481156944
22,195,5,IID,0.4461538461538462,regularized_logistic,0.5255427841634738,0.45638732256548553,0.25407164147687755,0.7013015538013762,0.4461538461538462,0.5,0.08402161468718888,0.5,0.4461538461538462,0.2488186494197013,0.6907840265984463,-0.005252992057176248,-0.010517527202929866
23,195,5,IID,0.4564102564102564,regularized_logistic,0.4854780580877676,0.47350684629909284,0.2523458195517668,0.6978425841697453,0.441025641025641,0.4714331142675429,0.07907970181757652,0.5,0.4564102564102564,0.25053781180002077,0.6942228536555869,-0.0018080077517460547,-0.0036197305141584257
24,195,5,IID,0.517948717948718,regularized_logistic,0.5583526437750158,0.6184587436713599,0.2521290310954382,0.6974583626591905,0.517948717948718,0.5,0.05228694961174574,0.5,0.517948717948718,0.25070173502930837,0.694551072153637,-0.0014272960661298462,-0.0029072905055534948
25,195,5,IID,0.49743589743589745,regularized_logistic,0.5050494424573954,0.5344740158459467,0.25074861016820743,0.6946402158190271,0.48205128205128206,0.4842204923206396,0.04454032840854806,0.5,0.49743589743589745,0.25021725081830265,0.6935818027652826,-0.0005313593499047808,-0.0010584130537445446
26,195,5,IID,0.49230769230769234,regularized_logistic,0.5197811447811448,0.5361065250906414,0.2505800661219333,0.6943078664361384,0.49230769230769234,0.5,0.027849132207955263,0.5,0.49230769230769234,0.2507447473638307,0.6946377672496504,0.00016468124189739086,0.0003299008135120296
27,195,5,IID,0.49230769230769234,regularized_logistic,0.5054713804713804,0.5201780215812724,0.2513179663894067,0.6957956453433419,0.5076923076923077,0.5,0.037365028887257734,0.5,0.49230769230769234,0.2499812433997258,0.6931097094654176,-0.0013367229896808774,-0.002685935877924317
28,195,5,IID,0.4666666666666667,regularized_logistic,0.4946111580726965,0.4900176694948749,0.25291237340921735,0.6989800834630818,0.4666666666666667,0.5,0.06336182581647143,0.5,0.4666666666666667,0.24890376340413903,0.6909532126426648,-0.0040086100050783224,-0.008026870820416976
29,195,5,IID,0.517948717948718,regularized_logistic,0.5112702759637666,0.5729514301654525,0.25119049377423464,0.6955324846738627,0.48205128205128206,0.5,0.03860811544060039,0.5,0.517948717948718,0.24976478067387153,0.6926770139368137,-0.0014257131003631018,-0.0028554707370490595
30,195,5,IID,0.48717948717948717,regularized_logistic,0.5251578947368422,0.514412403604642,0.2524143194408277,0.6979892014785649,0.48717948717948717,0.5,0.0527106653978891,0.5,0.48717948717948717,0.24984954439499887,0.69284624529436,-0.002564775045828832,-0.005142956184204905
31,195,5,IID,0.517948717948718,regularized_logistic,0.42679587107646944,0.4945012084833866,0.2508309951116892,0.6948098243640098,0.48205128205128206,0.5,0.03296923487863063,0.5,0.517948717948718,0.24968288911188982,0.6925128312802669,-0.0011481059997993925,-0.002296993083742982
32,195,5,IID,0.4205128205128205,regularized_logistic,0.5046406216274553,0.43354551457239027,0.25262367904782823,0.698396411875758,0.4205128205128205,0.5,0.09477980712325057,0.5,0.4205128205128205,0.25653488009611225,0.7062387681833303,0.003911201048284019,0.007842356307572351
33,195,5,IID,0.517948717948718,regularized_logistic,0.4763008215715189,0.5124085241407277,0.25028599672070917,0.6937247917930467,0.517948717948718,0.5,0.021674705167204378,0.5,0.517948717948718,0.24972975434282726,0.6926066238096418,-0.0005562423778819048,-0.0011181679834049163
34,195,5,IID,0.5128205128205128,regularized_logistic,0.5236842105263159,0.5652374437450103,0.24972823283653994,0.6926034923951674,0.5128205128205128,0.5,0.002825017527149698,0.5,0.5128205128205128,0.2499111206849749,0.6929694182714555,0.00018288784843495387,0.0003659258762881423
35,195,5,IID,0.49230769230769234,regularized_logistic,0.5291456228956228,0.49856775365196,0.25369812504347405,0.7006199895232011,0.5076923076923077,0.5,0.06241675095669963,0.5,0.49230769230769234,0.2501697551134065,0.693486719915939,-0.003528369930067554,-0.007133269607262127
36,195,5,IID,0.4717948717948718,regularized_logistic,0.5881173490924441,0.5263397226828401,0.2511928725708121,0.695533986007595,0.4717948717948718,0.5,0.04785742986747177,0.5,0.4717948717948718,0.24923672370704675,0.6916200487065335,-0.001956148863765328,-0.0039139373010614875
37,195,5,IID,0.517948717948718,regularized_logistic,0.5167474194227932,0.5505446055253163,0.2529345807931495,0.6991039846107162,0.517948717948718,0.5,0.05707442301179633,0.5,0.517948717948718,0.25092422228410205,0.6949964891084266,-0.0020103585090474607,-0.004107495502289615
38,195,5,IID,0.48205128205128206,regularized_logistic,0.4447019170002106,0.44741009160589196,0.2504690975396848,0.6940855197336273,0.48205128205128206,0.5,0.02793452017159187,0.5,0.48205128205128206,0.24973668955637407,0.6926206737118555,-0.0007324079833107566,-0.0014648460217717707
39,195,5,IID,0.5128205128205128,regularized_logistic,0.45389473684210524,0.47754726383324675,0.2503904409746295,0.6939317768863821,0.5128205128205128,0.5,0.022303001155714486,0.5,0.5128205128205128,0.24983994718029276,0.6928270434125836,-0.0005504937943367205,-0.0011047334737984693
40,195,5,IID,0.558974358974359,regularized_logistic,0.5721143588649455,0.6084483493761818,0.2496931332642073,0.6925334396064957,0.5692307692307692,0.5741945807552806,0.06673571218788471,0.5,0.558974358974359,0.25071581561438816,0.6945788771719205,0.0010226823501808535,0.002045437565424746
41,195,5,IID,0.5230769230769231,regularized_logistic,0.5704195656757327,0.6129466616341258,0.24863460267517856,0.6904091869229786,0.5230769230769231,0.5,0.0062749312872614205,0.5,0.5230769230769231,0.25061129704255175,0.6943699806331773,0.0019766943673731885,0.003960793710198751
42,195,5,IID,0.4512820512820513,regularized_logistic,0.5694562446898896,0.524659052350336,0.25456360218401963,0.7022908945989798,0.4512820512820513,0.5,0.08409723207411085,0.5,0.4512820512820513,0.24882845679239377,0.6908035291642668,-0.005735145391625868,-0.01148736543471296
43,195,5,IID,0.4512820512820513,regularized_logistic,0.4740866610025489,0.4305899318870634,0.25035013766173186,0.6938474130922122,0.47692307692307695,0.47392735768903993,0.048413528289050024,0.5,0.4512820512820513,0.25096842551388,0.6950842541664137,0.000618287852148125,0.0012368410742015223
44,195,5,IID,0.5487179487179488,regularized_logistic,0.481945624468989,0.5333353530822939,0.254690363199137,0.7025458459159591,0.4512820512820513,0.5,0.08366178618730963,0.5,0.5487179487179488,0.24850922681125537,0.6901643708345622,-0.006181136387881647,-0.012381475081396975
45,195,5,IID,0.4717948717948718,regularized_logistic,0.41388771633600674,0.4556827776448764,0.24934428663585237,0.6918356409826034,0.5282051282051282,0.5,0.0031847969798504683,0.5,0.4717948717948718,0.25113234874316764,0.6954127041476089,0.0017880621073152747,0.0035770631650055007
46,195,5,IID,0.48205128205128206,regularized_logistic,0.4606066989677692,0.4780359189835539,0.2504935974637671,0.6941345408520536,0.48205128205128206,0.5,0.027901529026338412,0.5,0.48205128205128206,0.2521958882589987,0.6975464993480653,0.001702290795231598,0.0034119584960117244
47,195,5,IID,0.5230769230769231,regularized_logistic,0.49462365591397855,0.5309456665786934,0.25020534911490866,0.6935663830430956,0.5230769230769231,0.5,0.021743600457874157,0.5,0.5230769230769231,0.2513804752722859,0.6959099474934215,0.0011751261573772487,0.002343564450325908
48,195,5,IID,0.4666666666666667,regularized_logistic,0.5002113271344041,0.5067579498727892,0.2491843163528721,0.6915162269766675,0.5333333333333333,0.5,0.013141265546195047,0.5,0.4666666666666667,0.24926075177014326,0.6916683467771984,7.643541727114789e-05,0.00015211980053086993
49,195,5,IID,0.5384615384615384,regularized_logistic,0.5325925925925925,0.5834056671112408,0.25232902609426305,0.6978092042895597,0.46153846153846156,0.5,0.06334621296331977,0.5,0.5384615384615384,0.2507819453273997,0.6947112526877381,-0.001547080766863329,-0.0030979516018215802
50,195,5,IID,0.47692307692307695,regularized_logistic,0.47701876449504527,0.4614202693496643,0.2519671787630981,0.6970869854613724,0.47692307692307695,0.5,0.04829215072536036,0.5,0.47692307692307695,0.2520025429116338,0.6971569848892235,3.536414853572145e-05,6.999942785113067e-05
51,195,5,IID,0.5333333333333333,regularized_logistic,0.5044378698224852,0.5599738521978338,0.24892282731428841,0.6909930503717768,0.5333333333333333,0.5,0.016792836905139306,0.5,0.5333333333333333,0.25017143637729666,0.6934900561752043,0.0012486090630082491,0.002497005803427488
52,195,5,IID,0.5333333333333333,regularized_logistic,0.5280008453085376,0.5836425566568619,0.25113465415037345,0.6954171627924208,0.4666666666666667,0.5,0.04839024649839452,0.5,0.5333333333333333,0.24889647792728178,0.6909385478862701,-0.0022381762230916646,-0.004478614906150757
53,195,5,IID,0.6153846153846154,regularized_logistic,0.4348888888888889,0.6000674039387945,0.26418152840323184,0.7216158816448038,0.38461538461538464,0.5,0.16547616058332382,0.5,0.6153846153846154,0.2521805467260012,0.6975087637778054,-0.012000981677230627,-0.024107117866998484
54,195,5,IID,0.4512820512820513,regularized_logistic,0.4816270178419711,0.47134577221662005,0.25384314147777026,0.7008441762978233,0.4512820512820513,0.5,0.07851331759763952,0.5,0.4512820512820513,0.2502477237263113,0.6936426321237789,-0.0035954177514589403,-0.007201544174044394
55,195,5,IID,0.5435897435897435,regularized_logistic,0.5223659105363578,0.5833120667644582,0.2482487786106125,0.6896414251293643,0.5435897435897435,0.5,0.01366729274206857,0.5,0.5435897435897435,0.24978999963222354,0.6927271764323316,0.0015412210216110278,0.003085751302967288
56,195,5,IID,0.5384615384615384,regularized_logistic,0.4880423280423281,0.5330493645930591,0.25048305233592527,0.694113332084641,0.4512820512820513,0.4865079365079365,0.05418672571075803,0.5,0.5384615384615384,0.24928898299296498,0.6917249453978737,-0.001194069342960291,-0.00238838668676733
57,195,5,IID,0.517948717948718,regularized_logistic,0.5029492310933221,0.5267849501545121,0.2543754946083438,0.7019396238058029,0.48205128205128206,0.5,0.06840473707986522,0.5,0.517948717948718,0.2512989339736147,0.6957471063563523,-0.0030765606347291086,-0.006192517449450596
58,195,5,IID,0.5333333333333333,regularized_logistic,0.5077134404057481,0.5675316010142359,0.25124173934111943,0.6956318024793963,0.4666666666666667,0.5,0.04867109040339712,0.5,0.5333333333333333,0.2500557794321882,0.6932587395265386,-0.0011859599089312223,-0.002373062952857663
59,195,5,IID,0.5538461538461539,regularized_logistic,0.545338441890166,0.6113628870872101,0.24884192242676073,0.6908305510218113,0.5538461538461539,0.5,0.04392286048315441,0.5,0.5538461538461539,0.2534154350533014,0.6999846139082032,0.0045735126265406545,0.009154062886391867
60,195,5,IID,0.5128205128205128,regularized_logistic,0.4816842105263158,0.5391259162524388,0.25134314401086866,0.6958371420479594,0.48717948717948717,0.5,0.03728095568626727,0.5,0.5128205128205128,0.25024604246242116,0.6936393058702046,-0.0010971015484474989,-0.0021978361777548194
61,195,5,IID,0.5333333333333333,regularized_logistic,0.5547337278106508,0.6187429526987276,0.249635630166206,0.6924184049237507,0.5333333333333333,0.5,0.028292195656418273,0.5,0.5333333333333333,0.24926075177014326,0.6916683467771982,-0.0003748783960627333,-0.0007500581465524903
62,195,5,IID,0.5128205128205128,regularized_logistic,0.43736842105263163,0.4641181165261603,0.25135680436405217,0.6958626189722191,0.47692307692307695,0.48947368421052634,0.03781612149321435,0.5,0.5128205128205128,0.2499794920831736,0.6931061646895617,-0.001377312280878562,-0.0027564542826574723
63,195,5,IID,0.48717948717948717,regularized_logistic,0.5183157894736843,0.5007769881062692,0.25033979411701657,0.6938268710985694,0.48717948717948717,0.5,0.022727825384417255,0.5,0.48717948717948717,0.2505576367033918,0.6942627996159931,0.00021784258637524978,0.0004359285174236893
64,195,5,IID,0.558974358974359,regularized_logistic,0.46970343503307016,0.5294182677031684,0.2537963940956072,0.7007478437828062,0.441025641025641,0.5,0.08391941507535372,0.5,0.558974358974359,0.25138264690481066,0.6959129178537713,-0.002413747190796567,-0.0048349259290348945
65,195,5,IID,0.5435897435897435,regularized_logistic,0.4158363366546534,0.4911484613179462,0.26025051012477557,0.7137977684271803,0.4564102564102564,0.5,0.10886368235828453,0.5,0.5435897435897435,0.24848498859017265,0.6901152746303751,-0.011765521534602918,-0.023682493796805204
66,195,5,IID,0.4717948717948718,regularized_logistic,0.45409455466441534,0.4779894010217891,0.25119906674234405,0.6955459269943065,0.4564102564102564,0.4825348248205994,0.0542563300003241,0.5,0.4717948717948718,0.24932218795479502,0.6917911327266479,-0.0018768787875490245,-0.0037547942676585677
67,195,5,IID,0.48717948717948717,regularized_logistic,0.4888421052631579,0.5351954507376078,0.2507593862207018,0.6946639670634897,0.48717948717948717,0.49947368421052635,0.03335294552681139,0.5,0.48717948717948717,0.24987392272140582,0.692895078686651,-0.0008854634992959964,-0.0017688883768386399
68,195,5,IID,0.517948717948718,regularized_logistic,0.4820939540762587,0.521424216609315,0.25019264881552705,0.6935369694182187,0.517948717948718,0.5,0.022065733509193164,0.5,0.517948717948718,0.25092422228410205,0.6949964891084266,0.0007315734685749975,0.0014595196902078555
69,195,5,IID,0.5076923076923077,regularized_logistic,0.5858585858585859,0.5634732385336606,0.2498136403119781,0.6927744331096444,0.5076923076923077,0.5,0.0025157343546517996,0.5,0.5076923076923077,0.24998796845528629,0.6931231174492258,0.00017432814330817226,0.00034868433958146205
70,195,5,IID,0.5538461538461539,regularized_logistic,0.4986164325244785,0.5693257977515482,0.2624507017898385,0.7182470912256609,0.4461538461538462,0.5,0.12409565723457644,0.5,0.5538461538461539,0.25106166560712007,0.6952707549057516,-0.011389036182718415,-0.022976336319909252
71,195,5,IID,0.5025641025641026,regularized_logistic,0.5592257521565327,0.5500630991030953,0.2538628627434377,0.7009269452599177,0.49743589743589745,0.5,0.0627626429113538,0.5,0.5025641025641026,0.2503834857854393,0.6939149930132862,-0.003479376957998437,-0.0070119522466315365
72,195,5,IID,0.4461538461538462,regularized_logistic,0.46402724563644104,0.4179411936886927,0.2506105996803454,0.6943684330593847,0.4461538461538462,0.5,0.05868543349110017,0.5,0.4461538461538462,0.2499116811062717,0.692970542612249,-0.0006989185740736703,-0.0013978904471356746
73,195,5,IID,0.5025641025641026,regularized_logistic,0.5334525562802441,0.5249118989928917,0.2503060287348444,0.6937598554676936,0.5025641025641026,0.5,0.022643783458439537,0.5,0.5025641025641026,0.2504515069203274,0.6940513277069428,0.00014547818548299452,0.00029147223924919086
74,195,5,IID,0.4256410256410256,regularized_logistic,0.4737521514629948,0.41075121822969846,0.2484574621622015,0.690060724619591,0.5692307692307692,0.5002151462994836,0.05919335302065994,0.5,0.4256410256410256,0.2514346259800805,0.6960167578631029,0.0029771638178789916,0.0059560332435119046
75,195,5,IID,0.4512820512820513,regularized_logistic,0.47281223449447746,0.42117050067179285,0.24821307834180012,0.6895707642516921,0.5487179487179488,0.5,0.018589205057260194,0.5,0.4512820512820513,0.24894579500139236,0.6910383698863405,0.0007327166595922363,0.0014676056346484279
76,195,5,IID,0.5128205128205128,regularized_logistic,0.44094736842105264,0.4844850891506041,0.25208538395529556,0.6973257948798397,0.48717948717948717,0.5,0.042897666682484736,0.5,0.5128205128205128,0.2549476268785059,0.7031042225902685,0.0028622429232103563,0.005778427710428802
77,195,5,IID,0.49743589743589745,regularized_logistic,0.43246370713233745,0.4478230602477967,0.252381893783668,0.6979308946066158,0.49743589743589745,0.5,0.04771539933742397,0.5,0.49743589743589745,0.2515603705085298,0.6962795774061342,-0.0008215232751381807,-0.0016513172004816168
78,195,5,IID,0.5076923076923077,regularized_logistic,0.4796927609427609,0.5014574828567576,0.2513363464929146,0.6958327627369849,0.5076923076923077,0.5,0.037198037229645764,0.5,0.5076923076923077,0.25028071853015504,0.6937087218243517,-0.0010556279627595422,-0.002124040912633185
79,195,5,IID,0.48717948717948717,regularized_logistic,0.582421052631579,0.5847462626318046,0.24908321609090203,0.6913128406227736,0.5333333333333333,0.5210526315789473,0.023370467958232007,0.5,0.48717948717948717,0.25009500892295783,0.693338346723667,0.0010117928320557967,0.0020255061008933595
80,195,5,IID,0.4512820512820513,regularized_logistic,0.5621282922684792,0.5498368989289777,0.2651438748179191,0.7237892852643653,0.4512820512820513,0.5,0.13374855991349638,0.5,0.4512820512820513,0.2487165826910379,0.6905795827020388,-0.01642729212688121,-0.03320970256232647
81,195,5,IID,0.48717948717948717,regularized_logistic,0.4770526315789474,0.50013931202614,0.24988807469374108,0.6929233530461963,0.5128205128205128,0.5,0.0028065461126171587,0.5,0.48717948717948717,0.24986460571734803,0.6928763760988768,-2.3468976393048457e-05,-4.6976947319588014e-05
82,195,5,IID,0.48717948717948717,regularized_logistic,0.5154736842105263,0.518753713538344,0.2502810406714698,0.6937093058653656,0.48717948717948717,0.5,0.023493012469056274,0.5,0.48717948717948717,0.24994257433025283,0.6930323283294809,-0.00033846634121695307,-0.000676977535884693
83,195,5,IID,0.5487179487179488,regularized_logistic,0.5738105352591334,0.5993553555804205,0.24780887512760905,0.6887599686465117,0.5487179487179488,0.5,0.018690505833753757,0.5,0.5487179487179488,0.25096842551388,0.6950842541664137,0.003159550386270943,0.006324285519902051
84,195,5,IID,0.49230769230769234,regularized_logistic,0.48032407407407407,0.4774596808972465,0.25033237361600236,0.6938120736865789,0.49230769230769234,0.5,0.017700128481454858,0.5,0.49230769230769234,0.249968003446591,0.6930831869790055,-0.0003643701694113488,-0.0007288867075734284
85,195,5,IID,0.5025641025641026,regularized_logistic,0.567115505996213,0.5758491950479462,0.24944735165074894,0.6920417905482014,0.5435897435897435,0.5434988428361035,0.04011087020598584,0.5,0.5025641025641026,0.25278208893535714,0.6987469324012394,0.0033347372846082024,0.006705141853038055
86,195,5,IID,0.5435897435897435,regularized_logistic,0.5484418062327752,0.5724158874479921,0.2490058933210216,0.6911585719499308,0.5384615384615384,0.49528301886792453,0.03365740237794712,0.5,0.5435897435897435,0.2514222266588909,0.6959924348418564,0.0024163333378693086,0.0048338628919255555
87,195,5,IID,0.5025641025641026,regularized_logistic,0.5048390490216705,0.503855452991039,0.2505991210490526,0.69434652570011,0.49743589743589745,0.5,0.022868662146336705,0.5,0.5025641025641026,0.2513095819782522,0.6957746825918166,0.00071046092919963,0.0014281568917066112
88,195,5,IID,0.46153846153846156,regularized_logistic,0.4891005291005291,0.476678390080046,0.26387611933505106,0.7212484355757248,0.46153846153846156,0.5,0.12368556238248196,0.5,0.46153846153846156,0.2491166534442268,0.6913800742395546,-0.014759465890824275,-0.029868361336170213
89,195,5,IID,0.5384615384615384,regularized_logistic,0.5064550264550265,0.5457905193641885,0.24910142606942837,0.6913496666038907,0.5333333333333333,0.49523809523809526,0.023654608560580898,0.5,0.5384615384615384,0.24928898299296498,0.6917249453978737,0.00018755692353661368,0.00037527879398291386
90,195,5,IID,0.5435897435897435,regularized_logistic,0.49925800296798817,0.5223697514629048,0.25428045984970316,0.7017241597215725,0.4564102564102564,0.5,0.07858059359344122,0.5,0.5435897435897435,0.2490729405830833,0.6912927131742347,-0.005207519266619859,-0.010431446547337853
91,195,5,IID,0.5025641025641026,regularized_logistic,0.4439301493793394,0.46098541299447837,0.2504010428812366,0.6939500718380032,0.5025641025641026,0.5,0.012853679135502505,0.5,0.5025641025641026,0.2506039415130324,0.6943570030439673,0.00020289863179578926,0.0004069312059641339
92,195,5,IID,0.5538461538461539,regularized_logistic,0.4937207322264794,0.5621980399165187,0.24860828506634464,0.6903629345214257,0.5538461538461539,0.5,0.03821652041080448,0.5,0.5538461538461539,0.24881864941970122,0.6907840265984463,0.00021036435335658465,0.0004210920770205684
93,195,5,IID,0.517948717948718,regularized_logistic,0.5065304402780704,0.5170055482223841,0.2507679570211433,0.6946836323413071,0.48205128205128206,0.5,0.03303232371641279,0.5,0.517948717948718,0.25187504706663233,0.6969024025859785,0.0011070900454890342,0.0022187702446713198
94,195,5,IID,0.5435897435897435,regularized_logistic,0.4075683697265211,0.47945850828724285,0.25230511112932624,0.6980229215802387,0.5435897435897435,0.5,0.07159767122465194,0.5,0.5435897435897435,0.251234415471831,0.6956165490684364,-0.0010706956574952353,-0.0024063725118023127
95,195,5,IID,0.49743589743589745,regularized_logistic,0.4825373448348411,0.48196055774514823,0.25082241458167215,0.6947942038959258,0.49743589743589745,0.5,0.027511283923393526,0.5,0.49743589743589745,0.2500901052366117,0.6933274594773885,-0.0007323093450604667,-0.0014667444185373357
96,195,5,IID,0.4717948717948718,regularized_logistic,0.5495989869143099,0.5278633739555934,0.25667776758054156,0.7065797021519941,0.4717948717948718,0.5,0.0881044585726759,0.5,0.4717948717948718,0.2501460072609584,0.6934391975256794,-0.006531760319583135,-0.013140504626314664
97,195,5,IID,0.46153846153846156,regularized_logistic,0.5112169312169312,0.496514942559626,0.2486885610169541,0.6905225921702217,0.5384615384615384,0.5,0.013564500514092803,0.5,0.46153846153846156,0.24859546163828655,0.6903363606486983,-9.309937866755491e-05,-0.0001862315215234167
98,195,5,IID,0.6051282051282051,regularized_logistic,0.5025313669381466,0.6045137596248986,0.24461629003873175,0.6823679638932579,0.6051282051282051,0.5,0.07526572776714513,0.5,0.6051282051282051,0.24982691738514434,0.6928010150156081,0.0052106273464125885,0.010433051122350157
99,195,5,IID,0.5641025641025641,regularized_logistic,0.4900534759358288,0.609722890798359,0.24673477181240056,0.6866076542437092,0.5641025641025641,0.5,0.0290952012357667,0.5,0.5641025641025641,0.24873801880563717,0.6906228473831638,0.002003246993236618,0.0040151931394546425
100,195,5,IID,0.5538461538461539,regularized_logistic,0.5103235419327373,0.5470242581081481,0.24718144922900653,0.6875003947227932,0.5538461538461539,0.5,0.008783196444575814,0.5,0.5538461538461539,0.24855553162089597,0.6902573746056673,0.0013740823918894363,0.0027569798828740444
101,195,5,IID,0.47692307692307695,regularized_logistic,0.5576639257853679,0.5212035819777916,0.2547226399876614,0.702631482051398,0.47692307692307695,0.5,0.07318181971691057,0.5,0.47692307692307695,0.25152779602065856,0.696205134692119,-0.0031948439670028694,-0.00642634735927905
102,195,5,IID,0.558974358974359,regularized_logistic,0.5148282483464903,0.5682838398141299,0.24806752674158256,0.6892801577233434,0.558974358974359,0.5,0.03917023556019383,0.5,0.558974358974359,0.246752235993408,0.686639897594429,-0.0013152907481745468,-0.0026402601289143846
103,195,5,IID,0.5282051282051282,regularized_logistic,0.5494934571549177,0.5634616803201662,0.2500751688393149,0.6932974914189851,0.4666666666666667,0.4905023216547066,0.03847470745026841,0.5,0.5282051282051282,0.24986628698123817,0.6928797523809063,-0.00020888185807674264,-0.00041773903807884594
104,195,5,IID,0.4717948717948718,regularized_logistic,0.4722456732798649,0.45497798071848006,0.25162094555430925,0.696392870458894,0.4666666666666667,0.49224356268467706,0.047507524079837875,0.5,0.4717948717948718,0.2519263956679434,0.6970033675143685,0.00030545011363414254,0.000610497055474557
105,195,5,IID,0.48717948717948717,regularized_logistic,0.5368421052631578,0.5203403979330592,0.24969361022185527,0.6925342198492637,0.5128205128205128,0.5,0.002744003368981396,0.5,0.48717948717948717,0.24986460571734803,0.6928763760988766,0.00017099549549276505,0.0003421562496129793
106,195,5,IID,0.5128205128205128,regularized_logistic,0.5326315789473685,0.5234783061804562,0.251264873894526,0.6956795574877956,0.48717948717948717,0.5,0.03787165665928549,0.5,0.5128205128205128,0.2500697199119439,0.693286621577105,-0.0011951539825821311,-0.0023929359106906745
107,195,5,IID,0.5128205128205128,regularized_logistic,0.5612631578947369,0.5645634928669111,0.25117496238556297,0.6955128095556763,0.5128205128205128,0.5,0.03724794642492779,0.5,0.5128205128205128,0.2499794920831736,0.6931061646895619,-0.0011954703023893676,-0.0024066448661144157
108,195,5,IID,0.46153846153846156,regularized_logistic,0.5334391534391535,0.5362643278411531,0.2482860700932126,0.6897147637608948,0.5384615384615384,0.5,0.011891009075045755,0.5,0.46153846153846156,0.2514544508834516,0.6960571203403517,0.0031683807902389838,0.00634235657945692
109,195,5,IID,0.49743589743589745,regularized_logistic,0.5214601304439301,0.5051455979765038,0.25089610663550804,0.6949432314669622,0.5025641025641026,0.5,0.03193299194900445,0.5,0.49743589743589745,0.2507877596983533,0.6947246566250979,-0.0001083469371547241,-0.00021857484186438292
110,195,5,IID,0.5076923076923077,regularized_logistic,0.41740319865319864,0.44966900274413685,0.2533541952351508,0.6998858098216281,0.49230769230769234,0.5,0.05176027137669387,0.5,0.5076923076923077,0.2500133975716245,0.693173975728218,-0.003340797663526296,-0.00671183409341003
111,195,5,IID,0.5025641025641026,regularized_logistic,0.47264885335577533,0.4857735729503228,0.25062145962539145,0.6943915363667129,0.5025641025641026,0.5,0.012956859505274254,0.5,0.5025641025641026,0.2508735742094119,0.6948981988782977,0.0002521145840204686,0.0005066625115848211
112,195,5,IID,0.5230769230769231,regularized_logistic,0.45393211047860005,0.4923279293414186,0.250668369766776,0.6944859687296498,0.49230769230769234,0.47533206831119545,0.020155753837762063,0.5,0.5230769230769231,0.24950166287506634,0.6921503281028966,-0.0011667068917096401,-0.002335640626753288
113,195,5,IID,0.4717948717948718,regularized_logistic,0.4932460953989025,0.46174203123689717,0.26215493643524546,0.7177754114663052,0.4717948717948718,0.5,0.11345860834859833,0.5,0.4717948717948718,0.24978397510328387,0.6927151213183599,-0.012370961331961583,-0.025060290147945308
114,195,5,IID,0.48717948717948717,regularized_logistic,0.5121052631578947,0.5084391231381447,0.25060569077617734,0.6943589883274632,0.48717948717948717,0.5,0.027772695174052398,0.5,0.48717948717948717,0.2499111206849749,0.6929694182714555,-0.00069457009120244,-0.0013895700560077051
115,195,5,IID,0.4358974358974359,regularized_logistic,0.5450267379679143,0.4580671044566179,0.25563406815850565,0.7044354169056021,0.4358974358974359,0.5,0.09900126569854462,0.5,0.4358974358974359,0.24807616125422283,0.6892980777630424,-0.007557906904282818,-0.015137339142559658
116,195,5,IID,0.5230769230769231,regularized_logistic,0.46647691334598357,0.4837052868249746,0.25439263929909134,0.7019673708848271,0.47692307692307695,0.5,0.06247384846032228,0.5,0.5230769230769231,0.2509712976730257,0.6950904960512377,-0.003421341626065666,-0.0068768748335893415
117,195,5,IID,0.5076923076923077,regularized_logistic,0.5352483164983165,0.529952347900696,0.2501399835950326,0.6934268083406159,0.49230769230769234,0.4998421717171717,0.022151641043517474,0.5,0.5076923076923077,0.24998796845528634,0.693123117449226,-0.0001520151397462477,-0.00030369089138992944
118,195,5,IID,0.4307692307692308,regularized_logistic,0.5501930501930502,0.4871491541249344,0.2530839472344433,0.6993184234082217,0.4307692307692308,0.5,0.08917421354496335,0.5,0.4307692307692308,0.24807237841047,0.6892907503165533,-0.0050115688239732725,-0.01002767309166841
119,195,5,IID,0.5025641025641026,regularized_logistic,0.46549547654113194,0.4826421457306934,0.2504546031868622,0.69405788493808,0.5025641025641026,0.5,0.018223747951921054,0.5,0.5025641025641026,0.2502638358385917,0.693675280930105,-0.00019076734827050412,-0.00038260400797496263
120,195,5,IID,0.5282051282051282,regularized_logistic,0.4625369354157872,0.5382371400981665,0.24925330770767726,0.6916531746189811,0.5282051282051282,0.5,0.003208171306564256,0.5,0.5282051282051282,0.25246839311452385,0.6980904212067488,0.0032150854068465906,0.0064372465877676754
121,195,5,IID,0.5487179487179488,regularized_logistic,0.4201359388275276,0.5059387862888147,0.2511189238172987,0.6953853649824254,0.4512820512820513,0.5,0.05873299710903851,0.5,0.5487179487179488,0.25059714640480996,0.6943415281610313,-0.0005217774124887664,-0.001043836821394084
122,195,5,IID,0.5230769230769231,regularized_logistic,0.5386885937170567,0.5590823014903896,0.252739905608642,0.6986377833752025,0.47692307692307695,0.5,0.058576607552143056,0.5,0.5230769230769231,0.24950019176916247,0.6921472834357346,-0.0032397138394795466,-0.006490499939467931
123,195,5,IID,0.5025641025641026,regularized_logistic,0.5455501788344204,0.5546942698412293,0.2503084243622564,0.6937643663231929,0.49743589743589745,0.5,0.022370423548709994,0.5,0.5025641025641026,0.24999588440610226,0.6931389495735193,-0.0003125399561541564,-0.0006254167496736462
124,195,5,IID,0.5333333333333333,regularized_logistic,0.514475908706678,0.549520354374488,0.24933822287188376,0.6918230772051713,0.5128205128205128,0.4842032967032967,0.023117509765686377,0.5,0.5333333333333333,0.24939917583043053,0.6919453650008157,6.095295854677274e-05,0.0001222877956443824
125,195,5,IID,0.5025641025641026,regularized_logistic,0.5094677046076163,0.5528199326938537,0.25169148313456846,0.6965402344286402,0.49743589743589745,0.5,0.042629240082433795,0.5,0.5025641025641026,0.25228296371797493,0.6977373582934299,0.0005914805834064674,0.001197123864789651
126,195,5,IID,0.5076923076923077,regularized_logistic,0.5656565656565657,0.5538203711435847,0.24985458919332126,0.6928555036929417,0.5076923076923077,0.5,0.017005650158109398,0.5,0.5076923076923077,0.25062684873353547,0.6944045667021138,0.0007722595402142041,0.0015490630091721247
127,195,5,IID,0.5487179487179488,regularized_logistic,0.47737892948173316,0.5275906925215115,0.25056494607702606,0.6942771193033245,0.4512820512820513,0.5,0.0537203951395801,0.5,0.5487179487179488,0.24976457051588535,0.6926763177828067,-0.0008003755611407093,-0.0016008015205177806
128,195,5,IID,0.5435897435897435,regularized_logistic,0.4473182107271571,0.5137391516409224,0.24835420685139636,0.6898530455978286,0.5435897435897435,0.5,0.013519937417382333,0.5,0.5435897435897435,0.25288989998231176,0.6989326224515822,0.004535693130915397,0.009079576853753601
129,195,5,IID,0.5128205128205128,regularized_logistic,0.5138947368421053,0.5511886342151042,0.2505424350119098,0.6942364908132344,0.5128205128205128,0.5,0.028156737790365094,0.5,0.5128205128205128,0.24984394018203182,0.6928350393766382,-0.0006984948298779936,-0.0014014514365962016
130,195,5,IID,0.4358974358974359,regularized_logistic,0.49122994652406415,0.4625611479809653,0.2470694400298932,0.6872801590275227,0.5641025641025641,0.5,0.03400119807485524,0.5,0.4358974358974359,0.25100891595256736,0.6951651654128609,0.003939475922674157,0.007885006385338178
131,195,5,IID,0.5333333333333333,regularized_logistic,0.5025359256128487,0.5225715485726112,0.2510130380081549,0.6951881786806453,0.5025641025641026,0.5027472527472527,0.03335563513443614,0.5,0.5333333333333333,0.24984085786489993,0.6928288937313813,-0.0011721801432549583,-0.0023592849492639623
132,195,5,IID,0.5282051282051282,regularized_logistic,0.537674124102997,0.5935685687417771,0.25235149130878354,0.6978566689339271,0.4717948717948718,0.5,0.05833829847550315,0.5,0.5282051282051282,0.250474904509465,0.6940970637330017,-0.0018765867993185137,-0.003759605200925331
133,195,5,IID,0.48717948717948717,regularized_logistic,0.4051578947368421,0.421193035175522,0.2505866311896704,0.694323941534356,0.5128205128205128,0.5,0.012002627001789556,0.5,0.48717948717948717,0.25012302998779334,0.6933932465266147,-0.0004636012018770508,-0.0009306950077412335
134,195,5,IID,0.48717948717948717,regularized_logistic,0.5002105263157894,0.4879176229283626,0.25044864719077203,0.69404470163562,0.48205128205128206,0.49473684210526314,0.028260328397813127,0.5,0.48717948717948717,0.24989711015255714,0.6929415269246224,-0.0005515370382148943,-0.0011031747109976342
135,195,5,IID,0.5025641025641026,regularized_logistic,0.4935830002103934,0.5217855612760554,0.2502845910953787,0.6937165740932998,0.49743589743589745,0.5,0.01758599538375427,0.5,0.5025641025641026,0.25052499216285845,0.6941986608967874,0.0002404010674797452,0.00048208680348760247
136,195,5,IID,0.5230769230769231,regularized_logistic,0.48956356736242884,0.5319843642407515,0.2610393690271214,0.7155145165813789,0.47692307692307695,0.5,0.10741686309764542,0.5,0.5230769230769231,0.25330152942474504,0.6997666210416973,-0.00773783960237634,-0.01574789553968159
137,195,5,IID,0.558974358974359,regularized_logistic,0.5141881800725411,0.5858954240820342,0.24702387636268325,0.6871864807234573,0.558974358974359,0.5,0.02353783869723558,0.5,0.558974358974359,0.25286384039201465,0.6988783680622203,0.0058399640293314015,0.011691887338762919
138,195,5,IID,0.4564102564102564,regularized_logistic,0.46205215179139286,0.42028887493338113,0.25007341203842776,0.6933314549334793,0.5384615384615384,0.49528301886792453,0.025516669074783657,0.5,0.4564102564102564,0.2508751854206399,0.6948977534270759,0.0008017733822121564,0.001566298493596685
139,195,5,IID,0.5897435897435898,regularized_logistic,0.48043478260869565,0.5666452039390502,0.24418376349376408,0.6814928252421947,0.5897435897435898,0.5,0.044095779014589165,0.5,0.5897435897435898,0.24899511207550282,0.6911373165140275,0.004811348581738734,0.009644491271832867
140,195,5,IID,0.5282051282051282,regularized_logistic,0.5289151540734487,0.5608110146817018,0.250261074569968,0.6936693456691989,0.4717948717948718,0.5,0.033315684494914344,0.5,0.5282051282051282,0.2507214898800173,0.6945904002361193,0.00046041531004931135,0.0009210545669203762
141,195,5,IID,0.4512820512820513,regularized_logistic,0.457837723024639,0.42848764595700006,0.25101562064387584,0.6951790548309957,0.47692307692307695,0.4809898045879354,0.05018930934914684,0.5,0.4512820512820513,0.24784659868055814,0.688835530710953,-0.0031690219633176975,-0.006343524120042687
142,195,5,IID,0.49743589743589745,regularized_logistic,0.4808541973490427,0.5007782614727975,0.2532958582562481,0.6997883653604355,0.5025641025641026,0.5,0.057438903052879686,0.5,0.49743589743589745,0.2500603328552239,0.6932678826184675,-0.0032355254010242307,-0.006520482741968037
143,195,5,IID,0.5487179487179488,regularized_logistic,0.5218776550552251,0.5506853941375071,0.25035775900305496,0.6938626128809804,0.4564102564102564,0.4895390824129142,0.054092618828376356,0.5,0.5487179487179488,0.2517765530237355,0.6967015365330946,0.0014187940206805694,0.0028389236521142447
144,195,5,IID,0.5487179487179488,regularized_logistic,0.517948173322005,0.5626877824834531,0.2504920425266833,0.6941324693178814,0.48205128205128206,0.5028143585386576,0.05493672824878297,0.5,0.5487179487179488,0.24894579500139233,0.6910383698863405,-0.0015462475252909502,-0.003094099431540931
145,195,5,IID,0.5025641025641026,regularized_logistic,0.48769198401009883,0.4832082346130895,0.2500406688884529,0.6932285201463619,0.4717948717948718,0.4719124763307385,0.029777863343703484,0.5,0.5025641025641026,0.2507877596983533,0.6947246566250979,0.0007470908099004303,0.001496136478735921
146,195,5,IID,0.4717948717948718,regularized_logistic,0.4163149008020262,0.43587263584714186,0.25318680189117826,0.6996892408204228,0.5282051282051282,0.5,0.056713980007249754,0.5,0.4717948717948718,0.24920498985112055,0.6915563187925112,-0.003981812040057708,-0.008132922027911604
147,195,5,IID,0.48717948717948717,regularized_logistic,0.47431578947368414,0.46356352098216325,0.25042238172182973,0.6939957955210961,0.5128205128205128,0.5,0.022311211494164873,0.5,0.48717948717948717,0.2498439401820318,0.6928350393766384,-0.0005784415397979414,-0.001160756144457764
148,195,5,IID,0.5076923076923077,regularized_logistic,0.57628367003367,0.5671852316272823,0.2538454423174433,0.7008813093543284,0.49230769230769234,0.5,0.06729353017203193,0.5,0.5076923076923077,0.24994446575212922,0.693036108601141,-0.0039009765653141015,-0.007845200753187398
149,195,5,IID,0.48717948717948717,regularized_logistic,0.4927368421052631,0.4845110707903736,0.2546092014627649,0.7024192654733473,0.48717948717948717,0.5,0.06808090933307426,0.5,0.48717948717948717,0.2499794920831736,0.6931061646895617,-0.004629709379591285,-0.009313100783785666
150,195,5,IID,0.5025641025641026,regularized_logistic,0.5147275405007364,0.523803441477888,0.2507646009396053,0.6946793825052106,0.49743589743589745,0.49489795918367346,0.03196579855260141,0.5,0.5025641025641026,0.25021725081830265,0.6935818027652827,-0.0005473501213026366,-0.0010975797399278564
151,195,5,IID,0.5538461538461539,regularized_logistic,0.538207747977863,0.6062387755863006,0.24779576255608243,0.6887350517767986,0.5538461538461539,0.5,0.02870341534017462,0.5,0.5538461538461539,0.25315546962429003,0.6994634006872232,0.005359707068207598,0.010728348910424623
152,195,5,IID,0.441025641025641,regularized_logistic,0.5242159163644122,0.4513322578061373,0.25197829339202504,0.6971050531441549,0.441025641025641,0.5,0.07405051837391463,0.5,0.441025641025641,0.24935111970423776,0.691849363546695,-0.002627173687787282,-0.005255689597459923
153,195,5,IID,0.47692307692307695,regularized_logistic,0.535315201349357,0.5231788562508111,0.2506155637298091,0.6943782733855461,0.4666666666666667,0.489247311827957,0.04835152618188144,0.5,0.47692307692307695,0.24966663689428525,0.6924817826853364,-0.0009489268355238334,-0.0018964907002096965
154,195,5,IID,0.5435897435897435,regularized_logistic,0.43459826160695353,0.4812575909408637,0.24914220674644916,0.6914345487223873,0.5435897435897435,0.5,0.018647085065125135,0.5,0.5435897435897435,0.25105206839241395,0.6952516590449453,0.0019098616459647944,0.0038171103225580483
155,195,5,IID,0.5538461538461539,regularized_logistic,0.5303320561941252,0.6121524020057438,0.2532522853265908,0.6996577310636504,0.4461538461538462,0.5,0.07904763936781395,0.5,0.5538461538461539,0.24957206580046548,0.6922912930632006,-0.0036802195261252946,-0.007366438000449782
156,195,5,IID,0.5333333333333333,regularized_logistic,0.5315934065934066,0.5685029496206568,0.2487335246021487,0.690611961780169,0.5333333333333333,0.5,0.012636303393282589,0.5,0.5333333333333333,0.24909409648703415,0.6913346741997431,0.00036057188488544667,0.0007227124195741119
157,195,5,IID,0.4717948717948718,regularized_logistic,0.5862178134233853,0.5496896045258834,0.2588456770071664,0.7109879388963134,0.4717948717948718,0.5,0.09823497020663385,0.5,0.4717948717948718,0.251280229912837,0.6957087905265998,-0.0075654470943293806,-0.015279148369713558
158,195,5,IID,0.5487179487179488,regularized_logistic,0.5596856414613423,0.592352028523006,0.2499973424203994,0.6931418037465082,0.48205128205128206,0.5118946474086661,0.05304120011721366,0.5,0.5487179487179488,0.2478465986805581,0.688835530710953,-0.002150743739841282,-0.004306273035555197
159,195,5,IID,0.4666666666666667,regularized_logistic,0.5051775147928994,0.48866563450878203,0.25173133651225243,0.6966139219403321,0.4564102564102564,0.4848901098901099,0.06348847530992707,0.5,0.4666666666666667,0.24914418414042755,0.6914349820175616,-0.0025871523718248857,-0.00517893992277052
160,195,5,IID,0.48717948717948717,regularized_logistic,0.5143157894736843,0.5118149047167772,0.24987670400251846,0.6929008522329716,0.5128205128205128,0.5,0.007144096686895418,0.5,0.48717948717948717,0.24987392272140582,0.692895078686651,-2.7812811126404213e-06,-5.7735463205865756e-06
161,195,5,IID,0.48205128205128206,regularized_logistic,0.5309669264798821,0.5539814733961101,0.2498130292756382,0.6927732454225278,0.5538461538461539,0.5530861596797978,0.0501155980742265,0.5,0.48205128205128206,0.25116856596946746,0.6954858874121643,0.0013555366938292623,0.0027126419896364995
162,195,5,IID,0.4666666666666667,regularized_logistic,0.4968300929839391,0.4643642263998672,0.25127472939991263,0.6956978262468831,0.4666666666666667,0.5,0.04871980860942682,0.5,0.4666666666666667,0.25162853174874217,0.6964059887821938,0.000353802348829535,0.0007081625353106968
163,195,5,IID,0.48205128205128206,regularized_logistic,0.599852538445334,0.5913367624478947,0.24949437017301204,0.692135202144718,0.517948717948718,0.5,0.0020310561083455303,0.5,0.48205128205128206,0.24986873882441124,0.6928846526204238,0.0003743686513991984,0.0007494504757057374
164,195,5,IID,0.5435897435897435,regularized_logistic,0.5187619249523002,0.5674829666974053,0.2608388904193259,0.7150011162031313,0.4564102564102564,0.5,0.11357195170591483,0.5,0.5435897435897435,0.24897255511831023,0.6910918017019106,-0.011866335301015662,-0.02390931450122069
165,195,5,IID,0.4512820512820513,regularized_logistic,0.4731308411214954,0.4567451318971615,0.259640970302836,0.7125468555701797,0.4512820512820513,0.5,0.10880231603676965,0.5,0.4512820512820513,0.25116226122987956,0.6954720786478873,-0.008478709072956447,-0.017074776922292423
166,195,5,IID,0.5435897435897435,regularized_logistic,0.47519609921560313,0.5559809575481118,0.259897469539371,0.7130790384068617,0.4564102564102564,0.5,0.10859537350040604,0.5,0.5435897435897435,0.2487041833698483,0.6905544719562892,-0.011193286169522698,-0.022524566450572547
167,195,5,IID,0.5333333333333333,regularized_logistic,0.5300084530853761,0.5615789316155084,0.2492113440263102,0.6915696063245492,0.5743589743589743,0.5542582417582418,0.06740936633044607,0.5,0.5333333333333333,0.25098012430844885,0.695107862492648,0.0017687802821386434,0.0035382561680987745
168,195,5,IID,0.5538461538461539,regularized_logistic,0.45774797786292043,0.5304398919612833,0.2513582767697998,0.6958657659307806,0.49230769230769234,0.4902618135376756,0.05421682090137524,0.5,0.5538461538461539,0.25085634125453815,0.6948599935043294,-0.0005019355152616756,-0.001005772426451279
169,195,5,IID,0.5128205128205128,regularized_logistic,0.5050526315789473,0.505994012954118,0.2498727797396825,0.6928930479400974,0.5128205128205128,0.5,0.006877716259007238,0.5,0.5128205128205128,0.2503909113676206,0.6939291414272934,0.0005181316279380954,0.0010360934871960215
170,195,5,IID,0.5076923076923077,regularized_logistic,0.44938973063973064,0.5191585843733251,0.2503398367726884,0.6938268963398413,0.49743589743589745,0.5020517676767677,0.01181614392429282,0.5,0.5076923076923077,0.2499629596549206,0.6930731161894942,-0.0003768771177677932,-0.0007537801503471053
171,195,5,IID,0.47692307692307695,regularized_logistic,0.4799704828167826,0.4548928572363211,0.25266964455725727,0.6984997648505283,0.47692307692307695,0.5,0.053083155136998295,0.5,0.47692307692307695,0.24947392202087923,0.6920946779835451,-0.0031957225363780373,-0.006405086866983267
172,195,5,IID,0.5333333333333333,regularized_logistic,0.5098267117497887,0.5391601443388271,0.24889316431539954,0.6909322454110343,0.5333333333333333,0.5,0.007462522688344353,0.5,0.5333333333333333,0.25068870523415965,0.6945247519484004,0.001795540918760108,0.0035925065373660914
173,195,5,IID,0.517948717948718,regularized_logistic,0.5468717084474406,0.5478782397300572,0.2505037410443035,0.6941547442808067,0.48205128205128206,0.5,0.033506996711783144,0.5,0.517948717948718,0.24970866849153853,0.6925644296137056,-0.0007950725527649805,-0.0015903146671011337
174,195,5,IID,0.5897435897435898,regularized_logistic,0.5018478260869565,0.5955352769584825,0.24397193279821253,0.6810641925870919,0.5897435897435898,0.5,0.045758233687815064,0.5,0.5897435897435898,0.2548761731631754,0.7029074471292198,0.010904240364962875,0.021843254542127877
175,195,5,IID,0.4666666666666667,regularized_logistic,0.5227176669484361,0.5102882871567476,0.24866064750907366,0.6904650961440028,0.5333333333333333,0.5,0.003671053522694201,0.5,0.4666666666666667,0.2505511918584796,0.694249649687267,0.0018905443494059704,0.003784553543264235
176,195,5,IID,0.5641025641025641,regularized_logistic,0.5631016042780749,0.6270863868545471,0.2504418282346311,0.6940309494967634,0.4666666666666667,0.5232620320855615,0.06985672918434795,0.5,0.5641025641025641,0.254240305149396,0.7016369558416333,0.00379847691476487,0.007606006344869964
177,195,5,IID,0.5076923076923077,regularized_logistic,0.4997895622895623,0.515501600066486,0.2502380994700011,0.6936234516084614,0.49230769230769234,0.5,0.01755004523762216,0.5,0.5076923076923077,0.250841209879527,0.6948310496848192,0.000603110409525931,0.0012075980763578409
178,195,5,IID,0.4461538461538462,regularized_logistic,0.5157513835674755,0.4668819679843089,0.24741806183535953,0.6879765756399637,0.5538461538461539,0.5,0.019123178339979396,0.5,0.4461538461538462,0.2524083579831138,0.6979663932691018,0.0049902961477542584,0.009989817629138087
179,195,5,IID,0.5641025641025641,regularized_logistic,0.5843850267379679,0.6528852173295414,0.25578317450018945,0.7047367191973487,0.4358974358974359,0.5,0.10405969902957024,0.5,0.5641025641025641,0.2517429977985951,0.6966339222200132,-0.004040176701594345,-0.008102796977335514
180,195,5,IID,0.5333333333333333,regularized_logistic,0.5005283178360103,0.5540941757585577,0.2522654304465073,0.6976824973192507,0.4666666666666667,0.5,0.05842165616727968,0.5,0.5333333333333333,0.2511340300070579,0.6954158897665687,-0.0011314004394493704,-0.002266607552682043
181,195,5,IID,0.48205128205128206,regularized_logistic,0.5179060459237412,0.5063872030135039,0.2592858692362278,0.7119391918646821,0.48205128205128206,0.5,0.09839034347711123,0.5,0.48205128205128206,0.250165411848357,0.6934780121776466,-0.009120457387870817,-0.018461179687035534
182,195,5,IID,0.5384615384615384,regularized_logistic,0.5647619047619048,0.5780447113112023,0.24786243684562537,0.6888639738478418,0.5384615384615384,0.5,0.004209296529147144,0.5,0.5384615384615384,0.25163623754157183,0.6964210919447729,0.003773800695946461,0.007557118096931048
183,195,5,IID,0.47692307692307695,regularized_logistic,0.4275774826059456,0.41629718895992557,0.2498959034219356,0.6929390804430545,0.5230769230769231,0.5,0.01317247413753031,0.5,0.47692307692307695,0.2498917160975764,0.692930611030431,-4.187324359194999e-06,-8.469412623557382e-06
184,195,5,IID,0.5794871794871795,regularized_logistic,0.5205050723073602,0.6390706667439525,0.2655045644175043,0.7243893556106406,0.4205128205128205,0.5,0.14867559288239995,0.5,0.5794871794871795,0.2486374231828777,0.6904217356829682,-0.016867141234626598,-0.03396761992767239
185,195,5,IID,0.5025641025641026,regularized_logistic,0.46244477172312226,0.473010202405978,0.25059776344290763,0.6943444289142802,0.5025641025641026,0.5,0.018081017728743043,0.5,0.5025641025641026,0.2500171804153773,0.6931815480074078,-0.0005805830275303347,-0.0011628809068723323
186,195,5,IID,0.49230769230769234,regularized_logistic,0.4471801346801347,0.5006857972378311,0.2505980081139647,0.6943437717498387,0.49230769230769234,0.5,0.02294364965743434,0.5,0.49230769230769234,0.249968003446591,0.6930831869790056,-0.0006300046673737014,-0.0012605847708331286
187,195,5,IID,0.4564102564102564,regularized_logistic,0.4569641721433114,0.43660021080421807,0.2492605332443068,0.691668078825852,0.5435897435897435,0.5,0.03353966320202112,0.5,0.4564102564102564,0.2494068816232603,0.6919608603732831,0.00014634837895349806,0.00029278154743106466
188,195,5,IID,0.4307692307692308,regularized_logistic,0.5242385242385242,0.44581242413519867,0.25489010265333767,0.7029418728467417,0.4307692307692308,0.5,0.09971050287599248,0.5,0.4307692307692308,0.2492324504946594,0.6916120145358058,-0.005657652158678278,-0.011329858310935914
189,195,5,IID,0.4666666666666667,regularized_logistic,0.48774302620456467,0.48000980372841767,0.2517157991694486,0.696580924080831,0.4666666666666667,0.5,0.05308962761353331,0.5,0.4666666666666667,0.2504191425904424,0.6939855046446977,-0.0012966565790061835,-0.002595419436133395
190,195,5,IID,0.5487179487179488,regularized_logistic,0.5452421410365336,0.5723849164037242,0.2553078731077058,0.7037877236591772,0.4512820512820513,0.5,0.08869574429017246,0.5,0.5487179487179488,0.2541793593333789,0.7015189500527168,-0.0011285137743269336,-0.0022687736064603836
191,195,5,IID,0.5025641025641026,regularized_logistic,0.5091521144540291,0.5175430969738309,0.2513498760174745,0.6958559546754037,0.5025641025641026,0.5,0.03727220044723378,0.5,0.5025641025641026,0.2500603328552239,0.6932678826184676,-0.001289543162250606,-0.0025880720569361193
192,195,5,IID,0.5487179487179488,regularized_logistic,0.5047790994052677,0.562037298723937,0.2510245742727995,0.6951965999311932,0.4512820512820513,0.5,0.05872101956870368,0.5,0.5487179487179488,0.2491968637423183,0.6915407401189951,-0.001827710530481197,-0.00365585981219807
193,195,5,IID,0.46153846153846156,regularized_logistic,0.5452910052910053,0.48366756687032075,0.2492382732512815,0.6916233253024372,0.5230769230769231,0.5349206349206349,0.045075117913724656,0.5,0.46153846153846156,0.2491166534442268,0.6913800742395546,-0.00012161980705471809,-0.0002432510628825879
194,195,5,IID,0.5333333333333333,regularized_logistic,0.5211327134404058,0.5996480265527757,0.24890947623269674,0.690964646373217,0.5333333333333333,0.5,0.008318205299407633,0.5,0.5333333333333333,0.250292557430048,0.6937323091307421,0.0013830811973512824,0.0027676627575251578
195,195,5,IID,0.49230769230769234,regularized_logistic,0.5405092592592593,0.5342902472280671,0.2517434037556356,0.6966415811335741,0.49230769230769234,0.5,0.04275624272883638,0.5,0.49230769230769234,0.24995014001775834,0.6930474630155258,-0.0017932637378772487,-0.0035941181180483284
196,195,5,IID,0.5128205128205128,regularized_logistic,0.5748421052631579,0.5787703952095762,0.25084378618707304,0.6948445379225757,0.5128205128205128,0.5,0.03224032315914849,0.5,0.5128205128205128,0.24983581407322955,0.6928187729015999,-0.001007972113843486,-0.002025765020975845
197,195,5,IID,0.5384615384615384,regularized_logistic,0.4301587301587302,0.4864019275046592,0.26040135470166026,0.714123118495828,0.46153846153846156,0.5,0.10859747854625335,0.5,0.5384615384615384,0.24948316897227493,0.6921134463275487,-0.010918185729385327,-0.022009672168279315
198,195,5,IID,0.46153846153846156,regularized_logistic,0.5468783068783069,0.5224456922260501,0.2637462629883326,0.720980005935279,0.46153846153846156,0.5,0.12387445131509467,0.5,0.46153846153846156,0.25262713244681695,0.6984066267232716,-0.011119130541515643,-0.022573379212007416
199,195,5,IID,0.48205128205128206,regularized_logistic,0.49515483463239934,0.47386911924736874,0.25138798791119693,0.6959265918454309,0.48205128205128206,0.5,0.039111580285379366,0.5,0.48205128205128206,0.2497983358990121,0.6927443374132818,-0.0015896520121848334,-0.0031822544321491453
200,195,5,IID,0.5025641025641026,regularized_logistic,0.44740164106879865,0.47457188210546586,0.2536745621184391,0.7005453550904629,0.49743589743589745,0.5,0.057133996621925365,0.5,0.5025641025641026,0.2506123478324831,0.6943730213490528,-0.0030622142859559887,-0.00617233374141013
201,195,5,IID,0.49743589743589745,regularized_logistic,0.5369240479697033,0.5565211941921089,0.2503672974529899,0.6938825580955026,0.5025641025641026,0.5,0.022356923282236263,0.5,0.49743589743589745,0.2500188616792674,0.6931849042780552,-0.0003484357737225108,-0.0006976538174473523
202,195,5,IID,0.49743589743589745,regularized_logistic,0.47412160740584885,0.4634838123581698,0.2513436122834289,0.695842283792313,0.5025641025641026,0.5,0.03217144007066147,0.5,0.49743589743589745,0.25052499216285845,0.6941986608967874,-0.0008186201205704347,-0.0016436228955256649
203,195,5,IID,0.517948717948718,regularized_logistic,0.5424478618074574,0.570926947012892,0.25157318164354386,0.6963150448415986,0.49230769230769234,0.5087950284390141,0.05383472093921513,0.5,0.517948717948718,0.24982579654255094,0.6927987595902518,-0.0017473851009929264,-0.003516285251346729
204,195,5,IID,0.4564102564102564,regularized_logistic,0.534873860504558,0.5007893833733943,0.25100850570999206,0.6951650944391289,0.46153846153846156,0.5029149883400467,0.05834634893011316,0.5,0.4564102564102564,0.25105206839241406,0.6952516590449452,4.3562682422004784e-05,8.656460581635272e-05
205,195,5,IID,0.5025641025641026,regularized_logistic,0.46044603408373663,0.48094551815544484,0.25112152189578013,0.6953964507511557,0.5025641025641026,0.5,0.03245237500157494,0.5,0.5025641025641026,0.25000492119951184,0.6931570229685541,-0.0011166006962682884,-0.002239427782601666
206,195,5,IID,0.517948717948718,regularized_logistic,0.49199494417526857,0.5059425931199897,0.25149818300636234,0.696176592834232,0.517948717948718,0.5,0.042185812798931854,0.5,0.517948717948718,0.24971406254651934,0.69257530780323,-0.0017841204598429972,-0.0036012850310020994
207,195,5,IID,0.47692307692307695,regularized_logistic,0.4393843558928948,0.4291976981248223,0.2499204503623758,0.6929881626776452,0.5230769230769231,0.5,0.012979136307182948,0.5,0.47692307692307695,0.25084583335522487,0.6948393446912808,0.0009253829928490553,0.001851182013635655
208,195,5,IID,0.4564102564102564,regularized_logistic,0.4152003391986432,0.4298684554430763,0.2528754108280332,0.6989035604242749,0.4564102564102564,0.5,0.06866980168131415,0.5,0.4564102564102564,0.2497899996322236,0.6927271764323317,-0.0030854111958096286,-0.006176383991943202
209,195,5,IID,0.4564102564102564,regularized_logistic,0.5336018655925376,0.5097069419606711,0.24808666741083524,0.6893166794664096,0.5435897435897435,0.5,0.01855143033487705,0.5,0.4564102564102564,0.24822894611023838,0.6896015979387625,0.0001422786994031422,0.0002849184723529019
210,195,5,IID,0.5076923076923077,regularized_logistic,0.47001262626262624,0.4815765565906347,0.25241490131817074,0.697992141105772,0.49230769230769234,0.5,0.047842281238879625,0.5,0.5076923076923077,0.24995014001775837,0.6930474630155254,-0.0024647613004123714,-0.004944678090246568
211,195,5,IID,0.4564102564102564,regularized_logistic,0.4809200763196947,0.4460534676355913,0.25285380253398737,0.6988602892714162,0.4564102564102564,0.5,0.06866343207597331,0.5,0.4564102564102564,0.24929010383555827,0.6917272408583329,-0.0035636986984290964,-0.007133048413083265
212,195,5,IID,0.5025641025641026,regularized_logistic,0.4644435093625079,0.4891769758876814,0.25078908236732494,0.6947285449732593,0.5025641025641026,0.5,0.02745299759859865,0.5,0.5025641025641026,0.2505328380610123,0.6942137071683934,-0.0002562443063126585,-0.0005148378048659419
213,195,5,IID,0.48717948717948717,regularized_logistic,0.5317894736842105,0.4944405675838671,0.24995560353449695,0.6930580668733691,0.5128205128205128,0.5,0.01662645552101405,0.5,0.48717948717948717,0.24988513114734012,0.6929174340956963,-7.047238715682247e-05,-0.00014063277767284443
214,195,5,IID,0.4564102564102564,regularized_logistic,0.5523637905448379,0.5015183449970774,0.2476610462458669,0.6884602012770841,0.5435897435897435,0.5,0.008276583488169453,0.5,0.4564102564102564,0.2546253145802357,0.7024174879627024,0.006964268334368778,0.013957286685618353
215,195,5,IID,0.4461538461538462,regularized_logistic,0.5437420178799489,0.4944961936220013,0.24893760584656544,0.6910220634909168,0.5538461538461539,0.5,0.04406512732089107,0.5,0.4461538461538462,0.24957206580046548,0.6922912930632006,0.0006344599539000462,0.0012692295722838143
216,195,5,IID,0.49743589743589745,regularized_logistic,0.4986324426677888,0.5047135262833211,0.25053509971183235,0.694218846089461,0.5025641025641026,0.5,0.022656378139737865,0.5,0.49743589743589745,0.2500934677643919,0.6933341339616734,-0.0004416319474404573,-0.0008847121277876235
217,195,5,IID,0.48205128205128206,regularized_logistic,0.4825152728038762,0.4886858834274559,0.2500195938304809,0.6931864432512502,0.5128205128205128,0.49726142827048664,0.013397176386998541,0.5,0.48205128205128206,0.2527181308548701,0.698596062856023,0.0026985370243892137,0.0054096196047728196
218,195,5,IID,0.5333333333333333,regularized_logistic,0.4676669484361792,0.5280245630959121,0.2500139366095562,0.6931750372165482,0.4564102564102564,0.451923076923077,0.045502383782301176,0.5,0.5333333333333333,0.24955945632128956,0.6922660322818143,-0.00045448028826661213,-0.0009090049347338924
219,195,5,IID,0.4717948717948718,regularized_logistic,0.564584212747995,0.5628540511519672,0.25056684529533,0.6942753467984292,0.48205128205128206,0.5097087378640777,0.05493431399688119,0.5,0.4717948717948718,0.25159238457510424,0.6963340075746783,0.0010255392797742235,0.002058660776249166
220,195,5,IID,0.46153846153846156,regularized_logistic,0.4830687830687831,0.4633080132562013,0.2494215845368596,0.6919902148223916,0.5435897435897435,0.5055555555555555,0.033419690243623706,0.5,0.46153846153846156,0.24938334392879838,0.6919137415976709,-3.824060806120744e-05,-7.647322472070783e-05
221,195,5,IID,0.4666666666666667,regularized_logistic,0.536770921386306,0.5241740183758572,0.24948668798982987,0.6921184540792256,0.49230769230769234,0.5054945054945055,0.038229815761853796,0.5,0.4666666666666667,0.24926075177014326,0.6916683467771982,-0.00022593621968661215,-0.00045010730202732496
222,195,5,IID,0.5128205128205128,regularized_logistic,0.47421052631578947,0.5258678627881574,0.24988863494975744,0.6929244495567775,0.5128205128205128,0.5,0.0028209013346408573,0.5,0.5128205128205128,0.2510112276904163,0.6951822649817493,0.0011225927406588454,0.002257815424971832
223,195,5,IID,0.5025641025641026,regularized_logistic,0.5878392594151062,0.5797816625212104,0.26021993443222935,0.7139886393558008,0.49743589743589745,0.5,0.1024854856436393,0.5,0.5025641025641026,0.2513219112467797,0.695796825699904,-0.008898023185449633,-0.018191813655896838
224,195,5,IID,0.39487179487179486,regularized_logistic,0.511005943209333,0.4209780353455111,0.24878280989330534,0.6907125036821403,0.6051282051282051,0.5112810917895664,0.09990473396183151,0.5,0.39487179487179486,0.24785647610591263,0.6888594905596278,-0.000926333787392708,-0.0018530131225125146
225,195,5,IID,0.49743589743589745,regularized_logistic,0.5486008836524301,0.5385306012511439,0.2498552928253378,0.692857728708965,0.5076923076923077,0.5100462865558595,0.0073682243945387025,0.5,0.49743589743589745,0.25003602458147905,0.6932192467730357,0.00018073175614125025,0.0003615180640706983
226,195,5,IID,0.5025641025641026,regularized_logistic,0.5585945718493582,0.5776557488043854,0.25047585222055685,0.6940972400625088,0.49743589743589745,0.5,0.0380096642947958,0.5,0.5025641025641026,0.2500038003569184,0.6931547831065856,-0.0004720518636384674,-0.0009424569559232099
227,195,5,IID,0.4512820512820513,regularized_logistic,0.5057349192863212,0.46863812661512905,0.2510669257945966,0.695281327139431,0.4512820512820513,0.5,0.05872010434579228,0.5,0.4512820512820513,0.24789836759784167,0.6889395228213206,-0.0031685581967549337,-0.006341804318110378
228,195,5,IID,0.5435897435897435,regularized_logistic,0.48092007631969474,0.5838370581084277,0.25215784492325216,0.6974654354648993,0.4564102564102564,0.5,0.06354611263969823,0.5,0.5435897435897435,0.2481941299371803,0.6895316602098484,-0.00396371498607187,-0.007933775255050901
229,195,5,IID,0.5384615384615384,regularized_logistic,0.5233862433862434,0.5950092360834055,0.24946793884109494,0.6921072708530378,0.5384615384615384,0.5,0.031435965476110606,0.5,0.5384615384615384,0.24928898299296498,0.6917249453978737,-0.00017895584812996357,-0.0003823254551641453
230,195,5,IID,0.49743589743589745,regularized_logistic,0.5294550810014728,0.531436869569065,0.24994096682691805,0.6930291130583115,0.5487179487179488,0.5481800967809805,0.04776755736788524,0.5,0.49743589743589745,0.2500901052366117,0.6933274594773885,0.00014913840969363323,0.0002983464190770002
231,195,5,IID,0.4358974358974359,regularized_logistic,0.5114438502673797,0.44423404899211455,0.24618364514094493,0.6855074335036224,0.5641025641025641,0.5,0.015638014197056682,0.5,0.4358974358974359,0.24724729815638902,0.6876370466153523,0.0010636530154440882,0.0021296131117298778
232,195,5,IID,0.5538461538461539,regularized_logistic,0.4706257982120052,0.5375216336091034,0.24782161098068353,0.6887871271230793,0.5538461538461539,0.5,0.01930338812418486,0.5,0.5538461538461539,0.2512724540673451,0.6956924982508291,0.003450843086661576,0.006905371127749804
233,195,5,IID,0.49230769230769234,regularized_logistic,0.5256734006734007,0.5106207160521833,0.2517128194801137,0.6965924671707883,0.5076923076923077,0.5,0.04225922939809529,0.5,0.49230769230769234,0.24995350254553858,0.6930541839224874,-0.0017593169345751225,-0.0035382832483008553
234,195,5,IID,0.5487179487179488,regularized_logistic,0.47419286321155474,0.5555114957936449,0.2594536161011593,0.7121635876053941,0.4512820512820513,0.5,0.10873974356480282,0.5,0.5487179487179488,0.24850922681125537,0.6901643708345622,-0.010944389289903933,-0.021999216770831942
235,195,5,IID,0.4666666666666667,regularized_logistic,0.48066356720202874,0.4576192051372139,0.24970337456402616,0.6925539097791771,0.5333333333333333,0.5,0.028230440027982973,0.5,0.4666666666666667,0.25256198347107434,0.698276977627326,0.0028586089070481713,0.0057230678481489106
236,195,5,IID,0.46153846153846156,regularized_logistic,0.4903703703703703,0.46971220154159,0.250623342493581,0.6943940512499795,0.47692307692307695,0.5047619047619047,0.04430892454851082,0.5,0.46153846153846156,0.2486116438032291,0.6903683001717407,-0.002011698690351893,-0.004025751078238882
237,195,5,IID,0.4717948717948718,regularized_logistic,0.49609539890249055,0.4756020450571604,0.2516714037649594,0.6964927779894007,0.4717948717948718,0.5,0.04754776244020742,0.5,0.4717948717948718,0.24920498985112055,0.6915563187925112,-0.0024664139138388386,-0.004936459196889453
238,195,5,IID,0.4717948717948718,regularized_logistic,0.4784719290840017,0.4659682532771004,0.24955298010055954,0.6922527665099044,0.5282051282051282,0.5,0.017656876024742252,0.5,0.4717948717948718,0.24963574367030417,0.6924186182360799,8.276356974462606e-05,0.00016585172617544774
239,195,5,IID,0.48717948717948717,regularized_logistic,0.4902105263157895,0.457950626983632,0.24991903948746447,0.6929854182602867,0.5128205128205128,0.5,0.00726535031685116,0.5,0.48717948717948717,0.24983581407322955,0.6928187729015999,-8.322541423491647e-05,-0.00016664535868682329
240,195,5,IID,0.49743589743589745,regularized_logistic,0.46738901746265515,0.4809687226813595,0.25019825322709766,0.6935437969571553,0.5025641025641026,0.5,0.007315297061404047,0.5,0.49743589743589745,0.252282963717975,0.6977373582934299,0.0020847104908773284,0.004193561336274576
241,195,5,IID,0.5128205128205128,regularized_logistic,0.4750526315789474,0.5266262275871398,0.2500381375753129,0.6932241818658755,0.5128205128205128,0.5,0.0123967967595503,0.5,0.5128205128205128,0.2510700719265708,0.6952890780205858,0.0010319343512579238,0.002064896154710283
242,195,5,IID,0.4512820512820513,regularized_logistic,0.45401444350042486,0.4323132425340194,0.2490732766495253,0.691296298473179,0.5435897435897435,0.4953271028037383,0.023134952422368293,0.5,0.4512820512820513,0.24789836759784167,0.6889395228213206,-0.0011749090516836314,-0.0023567756518583227
243,195,5,IID,0.49230769230769234,regularized_logistic,0.54135101010101,0.5593000398552916,0.25258104707198165,0.6983273492256595,0.49230769230769234,0.5,0.052633461613194044,0.5,0.49230769230769234,0.2505682146553672,0.6942841876902537,-0.0020128324166144296,-0.004043161535405848
244,195,5,IID,0.48205128205128206,regularized_logistic,0.5385506635769961,0.5492884427058673,0.25485709031452974,0.7030576402547463,0.517948717948718,0.5,0.0721143992140319,0.5,0.48205128205128206,0.250165411848357,0.6934780121776466,-0.004691678466172744,-0.009579628077099667
245,195,5,IID,0.5128205128205128,regularized_logistic,0.5097894736842106,0.5400273474536363,0.2512727835462419,0.6956962966158212,0.48717948717948717,0.5,0.0380018694958007,0.5,0.5128205128205128,0.2517191098408228,0.6965908656540614,0.0004463262945809121,0.000894569038240145
246,195,5,IID,0.47692307692307695,regularized_logistic,0.509909340080118,0.4769249648980546,0.2494351682700585,0.6920162397392935,0.5230769230769231,0.5,0.001320905959575236,0.5,0.47692307692307695,0.24947392202087923,0.6920946779835451,3.8753750820741395e-05,7.843824425157742e-05
247,195,5,IID,0.5538461538461539,regularized_logistic,0.5379948914431673,0.6005843447702046,0.24900557424732742,0.6911580674022637,0.5538461538461539,0.5,0.04386037450143199,0.5,0.5538461538461539,0.25085634125453815,0.6948599935043296,0.0018507670072107352,0.003701926102065878
248,195,5,IID,0.5487179487179488,regularized_logistic,0.5673322005097705,0.6221353056478504,0.25960775766581257,0.7124842192881805,0.4512820512820513,0.5,0.11308680334878846,0.5,0.5487179487179488,0.24823917379890337,0.6896232679958043,-0.011368583866909199,-0.022860951292376197
249,195,5,IID,0.47692307692307695,regularized_logistic,0.4584651064726966,0.46023083125224085,0.25026909421871424,0.693685683080204,0.5076923076923077,0.49288425047438333,0.01811185967345933,0.5,0.47692307692307695,0.25030047338086414,0.6937481556338085,3.137916214990266e-05,6.24725536045867e-05
250,195,5,IID,0.4461538461538462,regularized_logistic,0.48084291187739464,0.44718530647746424,0.25888276832236884,0.7109971064545738,0.4461538461538462,0.5,0.10821921107476801,0.5,0.4461538461538462,0.2539517582342526,0.7010604677586751,-0.00493101008811625,-0.00993663869589867
251,195,5,IID,0.48717948717948717,regularized_logistic,0.5342105263157895,0.5095773899626764,0.2500397934742808,0.6932267709938669,0.49743589743589745,0.51,0.01790448807255411,0.5,0.48717948717948717,0.25024604246242116,0.6936393058702048,0.0002062489881403673,0.0004125348763379666
252,195,5,IID,0.5076923076923077,regularized_logistic,0.4364478114478114,0.4668322225627438,0.25446394647157183,0.7021805100939392,0.5076923076923077,0.5,0.053015714349915255,0.5,0.5076923076923077,0.24995350254553858,0.6930541839224874,-0.004510443926033253,-0.009126326171451815
253,195,5,IID,0.5025641025641026,regularized_logistic,0.5963601935619609,0.5762009092705456,0.2517395803980478,0.6966366527067318,0.49743589743589745,0.5,0.04263706704130843,0.5,0.5025641025641026,0.2500934677643919,0.6933341339616734,-0.001646112633655883,-0.0033025187450583804
254,195,5,IID,0.5025641025641026,regularized_logistic,0.5165158847043972,0.548392554761368,0.24998560034353415,0.6931183812122692,0.517948717948718,0.5179360403955396,0.017557996132589754,0.5,0.5025641025641026,0.25038348578543923,0.6939149930132862,0.00039788544190508257,0.0007966118010169776
255,195,5,IID,0.49743589743589745,regularized_logistic,0.4967389017462655,0.5101613556195335,0.25002526313025364,0.6931977103197094,0.5025641025641026,0.5026825163054913,0.0025096697822565442,0.5,0.49743589743589745,0.24999343256292922,0.6931340456285304,-3.1830567324420134e-05,-6.366469117902174e-05
256,195,5,IID,0.49230769230769234,regularized_logistic,0.5520833333333334,0.5566830256735728,0.251398574961206,0.6959485907109025,0.49230769230769234,0.5,0.04242966238435586,0.5,0.49230769230769234,0.25004429079560564,0.6932357629275799,-0.0013542841656003501,-0.002712827783322602
257,195,5,IID,0.4564102564102564,regularized_logistic,0.5244859020563917,0.4732388565164388,0.24837693113851844,0.6898985798963085,0.5435897435897435,0.5,0.01842570507090835,0.5,0.4564102564102564,0.2484228518789,0.689990695070303,4.592074038156646e-05,9.21151739944337e-05
258,195,5,IID,0.5282051282051282,regularized_logistic,0.4291895314478683,0.4900859180076772,0.2539299321961511,0.7010279571687612,0.4717948717948718,0.5,0.06827354607891689,0.5,0.5282051282051282,0.25246839311452385,0.6980904212067488,-0.0014615390816272722,-0.0029375359620124053
259,195,5,IID,0.517948717948718,regularized_logistic,0.47124499684010956,0.5020874523056371,0.25070537176929525,0.6945584598573437,0.4717948717948718,0.4779334316410364,0.035320650157366684,0.5,0.517948717948718,0.250165411848357,0.6934780121776466,-0.0005399599209382488,-0.0010804476796970608
260,195,5,IID,0.5076923076923077,regularized_logistic,0.515256734006734,0.5329488094396126,0.25063753558216073,0.6944261767944128,0.5076923076923077,0.5,0.027468762185593687,0.5,0.5076923076923077,0.2506268487335354,0.6944045667021138,-1.0686848625318657e-05,-2.16100922989515e-05
261,195,5,IID,0.46153846153846156,regularized_logistic,0.4867724867724868,0.46368371359881744,0.24982146267197297,0.692790042210677,0.5282051282051282,0.5071428571428571,0.03402706222819588,0.5,0.46153846153846156,0.2492000861647744,0.6915470564621289,-0.0006213765071985677,-0.0012429857485480866
262,195,5,IID,0.49230769230769234,regularized_logistic,0.5393518518518519,0.5246195419233801,0.24986600098341916,0.6928790206733143,0.5076923076923077,0.5,0.007162023631494763,0.5,0.49230769230769234,0.2501697551134065,0.6934867199159392,0.00030375412998734364,0.0006076992426249372
263,195,5,IID,0.49230769230769234,regularized_logistic,0.5125210437710438,0.5679531870819798,0.25010342485705267,0.6933544092845885,0.5076923076923077,0.5,0.017204654128932295,0.5,0.49230769230769234,0.24994278448823895,0.6930327460336977,-0.00016064036881371924,-0.0003216632508907802
264,195,5,IID,0.5128205128205128,regularized_logistic,0.5184210526315789,0.5696626545857495,0.249790498070414,0.6927280148146027,0.5230769230769231,0.5318421052631579,0.018655724192859047,0.5,0.5128205128205128,0.24994257433025277,0.6930323283294806,0.0001520762598387626,0.0003043135148779186
265,195,5,IID,0.517948717948718,regularized_logistic,0.5103223088266273,0.5219010294464357,0.25201688420612783,0.6971871154130901,0.48205128205128206,0.5,0.04818923476082715,0.5,0.517948717948718,0.24991714521391462,0.6929814696799558,-0.002099738992213218,-0.004205645733134311
266,195,5,IID,0.5076923076923077,regularized_logistic,0.4525462962962963,0.5128554383401082,0.2520056891467872,0.6971691822724697,0.49230769230769234,0.5,0.04240468875170367,0.5,0.5076923076923077,0.25074474736383073,0.6946377672496504,-0.0012609417829564928,-0.0025314150228192833
267,195,5,IID,0.5128205128205128,regularized_logistic,0.3960000000000001,0.48880928072629215,0.2513521035807394,0.6958542539616188,0.48717948717948717,0.5,0.032940456017592434,0.5,0.5128205128205128,0.2503909113676206,0.6939291414272934,-0.0009611922131188,-0.0019251125343253683
268,195,5,IID,0.4307692307692308,regularized_logistic,0.531102531102531,0.4424575860141263,0.24867341545719748,0.6904936236323221,0.5692307692307692,0.5,0.059278733395977945,0.5,0.4307692307692308,0.251085203301582,0.6953177513671265,0.002411787844384533,0.00482412773480434
269,195,5,IID,0.517948717948718,regularized_logistic,0.5054771434590268,0.5012380061176148,0.2520385845066283,0.6972305757013653,0.48205128205128206,0.5,0.048186555431646794,0.5,0.517948717948718,0.24968520084973872,0.6925174668433655,-0.002353383656889585,-0.004713108857999804
270,195,5,IID,0.4717948717948718,regularized_logistic,0.47889404812157027,0.4574043387815042,0.24925215497162984,0.691650778993607,0.5282051282051282,0.5,0.0015473915148434547,0.5,0.4717948717948718,0.2517566580677024,0.6966631630278856,0.0025045030960725856,0.005012384034278505
271,195,5,IID,0.5384615384615384,regularized_logistic,0.4817989417989417,0.5650398014802054,0.24938673153450558,0.6919187901795176,0.49743589743589745,0.46746031746031746,0.027522118311980003,0.5,0.5384615384615384,0.2499371102226099,0.6930214008912413,0.0005503786881043138,0.0011026107117236839
272,195,5,IID,0.5230769230769231,regularized_logistic,0.5574530887623866,0.6003038757748234,0.25380020766994027,0.700770940518307,0.47692307692307695,0.5,0.06806430741935454,0.5,0.5230769230769231,0.25084583335522487,0.6948393446912808,-0.0029543743147154022,-0.0059315958270261815
273,195,5,IID,0.5282051282051282,regularized_logistic,0.4514563106796116,0.5279891782834047,0.25270024234829563,0.6985558705725996,0.4717948717948718,0.5,0.058409620330063916,0.5,0.5282051282051282,0.24940485009605975,0.6919566193148422,-0.003295392252235879,-0.006599251257757399
274,195,5,IID,0.49230769230769234,regularized_logistic,0.5387205387205387,0.5220335141414468,0.25105090268067626,0.6952514738274638,0.49230769230769234,0.5,0.036591565751964206,0.5,0.49230769230769234,0.2499629596549206,0.6930731161894942,-0.0010879430257556555,-0.0021783576379695857
275,195,5,IID,0.47692307692307695,regularized_logistic,0.46078431372549017,0.463609950473573,0.25104776822891234,0.6952558056168084,0.5025641025641026,0.4832384566729918,0.019563986302176133,0.5,0.47692307692307695,0.24947329154692036,0.6920934067621084,-0.001574476681991982,-0.0031623988547000437
276,195,5,IID,0.48205128205128206,regularized_logistic,0.5827891299768275,0.6008511512706491,0.25009454565534717,0.6933362600808042,0.48205128205128206,0.5,0.022987164157526607,0.5,0.48205128205128206,0.250165411848357,0.6934780121776466,7.08661930098331e-05,0.00014175209684241796
277,195,5,IID,0.49230769230769234,regularized_logistic,0.5496632996632997,0.5468397364278672,0.2498574542987223,0.6928620128781086,0.5076923076923077,0.5,0.0023631747260779434,0.5,0.49230769230769234,0.2511633820724729,0.6954769957820697,0.0013059277737506036,0.002614982903961116
278,195,5,IID,0.5230769230769231,regularized_logistic,0.49093400801180687,0.5533348860974057,0.25057585495141244,0.6942993308214941,0.49230769230769234,0.5147058823529411,0.033320908088926585,0.5,0.5230769230769231,0.24976646193776175,0.6926800850848073,-0.0008093930136506833,-0.001619245736686814
279,195,5,IID,0.48205128205128206,regularized_logistic,0.5092690120075838,0.4822056756373382,0.2496555189007488,0.6924568262095478,0.5128205128205128,0.5046345060037919,0.012306879139041337,0.5,0.48205128205128206,0.2505011042050862,0.6941495610302354,0.0008455853043373984,0.001692734820687547
280,195,5,IID,0.49230769230769234,regularized_logistic,0.515888047138047,0.5308660911732188,0.25173647840813906,0.6966274868151996,0.49230769230769234,0.5,0.04295449143625718,0.5,0.49230769230769234,0.25022250476795926,0.6935922482517112,-0.0015139736401797999,-0.0030352385634884183
281,195,5,IID,0.46153846153846156,regularized_logistic,0.5232804232804232,0.4820301914739758,0.24889613196787913,0.6909383453238206,0.5384615384615384,0.5,0.02339209751018656,0.5,0.46153846153846156,0.2511072698901399,0.6953622057805421,0.002211137922260742,0.004423860456721496
282,195,5,IID,0.4717948717948718,regularized_logistic,0.4992612916842549,0.47912803813190363,0.24974451018120006,0.6926361821970158,0.5282051282051282,0.5,0.023105135021645407,0.5,0.4717948717948718,0.2495698241152786,0.6922867430763465,-0.00017468606592146996,-0.0003494391206693148
283,195,5,IID,0.4717948717948718,regularized_logistic,0.48469818488813843,0.48530435223011714,0.2528797469683792,0.6989167527558439,0.48205128205128206,0.5091283241874208,0.05550963478786973,0.5,0.4717948717948718,0.2500473030600755,0.6932417867668748,-0.002832443908303728,-0.005674965988969105
284,195,5,IID,0.4717948717948718,regularized_logistic,0.4688687209793162,0.46974427653905726,0.25630830647941294,0.7058305145710773,0.4717948717948718,0.5,0.08340078463788547,0.5,0.4717948717948718,0.25113234874316764,0.6954127041476089,-0.005175957736245296,-0.010417810423468343
285,195,5,IID,0.5435897435897435,regularized_logistic,0.5252278990884036,0.5754630164219262,0.25267233026890895,0.6984964042683848,0.4564102564102564,0.5,0.06857897814735509,0.5,0.5435897435897435,0.24897255511831023,0.6910918017019106,-0.0036997751505987164,-0.007404602566474128
286,195,5,IID,0.48205128205128206,regularized_logistic,0.5159047819675584,0.5011585315258622,0.25111089917314305,0.6953703652886435,0.48205128205128206,0.5,0.037975957352469336,0.5,0.48205128205128206,0.25236450501664626,0.6978852141965893,0.0012536058435032027,0.0025148489079458436
287,195,5,IID,0.5025641025641026,regularized_logistic,0.48264254155270353,0.5135535080075042,0.2506726261612753,0.6944944626845613,0.5025641025641026,0.5,0.022888899971211685,0.5,0.5025641025641026,0.2506039415130324,0.6943570030439673,-6.868464824288933e-05,-0.0001374596405939732
288,195,5,IID,0.5128205128205128,regularized_logistic,0.505157894736842,0.5118107825558623,0.24982920399999686,0.6928056584441638,0.5128205128205128,0.5,0.0024369615367019204,0.5,0.5128205128205128,0.2500697199119439,0.693286621577105,0.0002405159119470146,0.0004809631329412145
289,195,5,IID,0.4461538461538462,regularized_logistic,0.44710515112813964,0.41355083222092937,0.2557805703377245,0.7047383814895543,0.4461538461538462,0.5,0.0880359510823226,0.5,0.4461538461538462,0.2512724540673451,0.6956924982508292,-0.004508116270379392,-0.009045883238725017
290,195,5,IID,0.441025641025641,regularized_logistic,0.5331768721997012,0.4636878177514834,0.25705594054724595,0.7073023124889606,0.441025641025641,0.5,0.10383106270898723,0.5,0.441025641025641,0.24811931369406953,0.6893841685911082,-0.008936626853176421,-0.0179181438978524
291,195,5,IID,0.47692307692307695,regularized_logistic,0.4930423782416192,0.4965956899916453,0.24980449987497458,0.6927561683372174,0.5230769230769231,0.5,0.018106435305604074,0.5,0.47692307692307695,0.25061129704255175,0.6943699806331775,0.0008067971675771723,0.0016138122959600265
292,195,5,IID,0.5076923076923077,regularized_logistic,0.46527777777777773,0.5278146717222592,0.25069951478680724,0.694550595371928,0.5076923076923077,0.5,0.027377636846822373,0.5,0.5076923076923077,0.2503242212333121,0.6937970066749163,-0.0003752935534951374,-0.0007535886970116978
293,195,5,IID,0.48205128205128206,regularized_logistic,0.49199494417526857,0.4843639122479977,0.24973140359170856,0.6926099704285277,0.517948717948718,0.5,0.002793161435356406,0.5,0.48205128205128206,0.25032232981143576,0.6937918918244704,0.0005909262197272003,0.0011819213959427533
294,195,5,IID,0.5230769230769231,regularized_logistic,0.5298334387518449,0.5754914938484517,0.2575354563557318,0.7083584920659489,0.47692307692307695,0.5,0.09274551326742544,0.5,0.5230769230769231,0.25183882984033257,0.69682863953834,-0.005696626515399206,-0.011529852527608964
295,195,5,IID,0.49743589743589745,regularized_logistic,0.458973280033663,0.4994190273199625,0.2502766085571815,0.6937008368178177,0.5025641025641026,0.5,0.01222175166896211,0.5,0.49743589743589745,0.24999644482739908,0.6931400702088899,-0.0002801637297824011,-0.0005607666089277874
296,195,5,IID,0.5384615384615384,regularized_logistic,0.546137566137566,0.5617974230237238,0.2555557826099234,0.704294957690994,0.46153846153846156,0.5,0.08873959230801637,0.5,0.5384615384615384,0.24883756363846513,0.6908212265183374,-0.006718218971458273,-0.0134737311726566
297,195,5,IID,0.49743589743589745,regularized_logistic,0.4961077214390911,0.5164165085544532,0.25058679282033497,0.6943216911186278,0.49743589743589745,0.5,0.02214825934180098,0.5,0.49743589743589745,0.2504515069203274,0.6940513277069428,-0.00013528590000755347,-0.0002703634116850706
298,195,5,IID,0.47692307692307695,regularized_logistic,0.4535104364326376,0.43877074358020657,0.2524709337216448,0.6981000181389545,0.47692307692307695,0.5,0.047862229502001974,0.5,0.47692307692307695,0.2505022250476795,0.6941517504697245,-0.0019687086739653137,-0.0039482676692299545
299,195,5,IID,0.5025641025641026,regularized_logistic,0.5157795076793604,0.534110876040671,0.2527158086217463,0.6986127611866608,0.5025641025641026,0.5,0.052424264173109636,0.5,0.5025641025641026,0.2508735742094119,0.6948981988782978,-0.001842234412334387,-0.0037145623083629786
300,195,5,IID,0.5435897435897435,regularized_logistic,0.49056603773584906,0.5313893988218661,0.25165719810791837,0.6964628697692172,0.4564102564102564,0.5,0.05851469920975916,0.5,0.5435897435897435,0.2503773211511754,0.6939018404328058,-0.0012798769567429757,-0.0025610293364114467
301,195,5,IID,0.4717948717948718,regularized_logistic,0.4690797804981005,0.44873379801665314,0.24990174273804655,0.6929551171326019,0.5282051282051282,0.5,0.0035268163148989284,0.5,0.4717948717948718,0.25098993168114136,0.6951276172289247,0.0010881889430948144,0.002172500096322749
302,195,5,IID,0.4461538461538462,regularized_logistic,0.5063856960408685,0.4730319101681594,0.2500045812930066,0.6931563432827064,0.4564102564102564,0.4600893997445722,0.05399841831052269,0.5,0.4461538461538462,0.2526519310891962,0.6984543079809633,0.0026473497961895798,0.005297964698256941
303,195,5,IID,0.5538461538461539,regularized_logistic,0.5116006811409111,0.5651282244999981,0.26502721569361826,0.7235182993171768,0.4461538461538462,0.5,0.133900471885736,0.5,0.5538461538461539,0.24910362364907815,0.6913542393796573,-0.015923592044540108,-0.032164059937519474
304,195,5,IID,0.5282051282051282,regularized_logistic,0.5475939214858591,0.5777994460994685,0.2498741620758852,0.6929057598362205,0.5282051282051282,0.5,0.03134402046384854,0.5,0.5282051282051282,0.2507214898800173,0.6945904002361193,0.0008473278041321031,0.0016846403998987958
305,195,5,IID,0.5897435897435898,regularized_logistic,0.568695652173913,0.666841103042882,0.27052613513748025,0.7346034763834209,0.41025641025641024,0.5,0.1696560000300087,0.5,0.5897435897435898,0.2556389065479974,0.7044369376868895,-0.014887228589482826,-0.03016653869653141
306,195,5,IID,0.5076923076923077,regularized_logistic,0.5684974747474747,0.5521710274555175,0.249609515791923,0.6923652961055289,0.5076923076923077,0.5,0.013562985385712989,0.5,0.5076923076923077,0.24994089306636266,0.6930289620531422,0.00033137727443965925,0.0006636659476133566
307,195,5,IID,0.49743589743589745,regularized_logistic,0.5512308015989901,0.5381470648301407,0.24995361343906236,0.693054868993841,0.5025641025641026,0.5051020408163265,0.02813097792948139,0.5,0.49743589743589745,0.25109185830448033,0.6953347950389966,0.00113824486541797,0.0022799260451557
308,195,5,IID,0.4564102564102564,regularized_logistic,0.47275810896756415,0.46558169060063176,0.24858328683876338,0.690323398249607,0.5435897435897435,0.5,0.016631955608613358,0.5,0.4564102564102564,0.2494068816232603,0.6919608603732831,0.0008235947844969227,0.0016374621236761033
309,195,5,IID,0.48205128205128206,regularized_logistic,0.5425531914893617,0.5095831705149939,0.24967357201317997,0.6924942051355294,0.517948717948718,0.5,0.0077503017407034025,0.5,0.48205128205128206,0.2505986875633758,0.6943448326289653,0.0009251155501958097,0.0018506274934358968
310,195,5,IID,0.5282051282051282,regularized_logistic,0.499261291684255,0.5357857418568481,0.25752854126458596,0.7083197971438979,0.4717948717948718,0.5,0.0902930922071642,0.5,0.5282051282051282,0.24921115448538442,0.6915686822552344,-0.008317386779201547,-0.016751114888663543
311,195,5,IID,0.47692307692307695,regularized_logistic,0.48450347881087913,0.4861772446355952,0.25092590299509077,0.6949996221702464,0.47692307692307695,0.5,0.038174270127757814,0.5,0.47692307692307695,0.2541640178003814,0.7015040025086916,0.003238114805290626,0.006504380338445248
312,195,5,IID,0.48717948717948717,regularized_logistic,0.521578947368421,0.5063320986560691,0.25085377668532116,0.6948647088307706,0.5128205128205128,0.5,0.03227804197263168,0.5,0.48717948717948717,0.24983581407322955,0.6928187729016,-0.0010179626120916108,-0.0020459359291705725
313,195,5,IID,0.5128205128205128,regularized_logistic,0.47631578947368425,0.5064244038799327,0.2504445192028634,0.694036407117515,0.48717948717948717,0.5,0.022813681649706263,0.5,0.5128205128205128,0.25002187394373726,0.6931909284878823,-0.00042264525912616424,-0.0008454786296326899
314,195,5,IID,0.517948717948718,regularized_logistic,0.528333684432273,0.522042835557345,0.24972433905523764,0.6925959098242224,0.517948717948718,0.5,0.007084121984167857,0.5,0.517948717948718,0.2508102466028836,0.6947682879548666,0.0010859075476459534,0.0021723781306441925
315,195,5,IID,0.6,regularized_logistic,0.4997808459346921,0.5825428013574456,0.2646600851011445,0.722619089312424,0.4,0.5,0.15553486364925995,0.5,0.6,0.2646567857386791,0.7226030975833827,-3.2993624654031883e-06,-1.599172904132029e-05
316,195,5,IID,0.4461538461538462,regularized_logistic,0.4514687100893997,0.439910928586611,0.24750353906577408,0.6881574946190292,0.5538461538461539,0.5,0.011066063367111023,0.5,0.4461538461538462,0.24855553162089597,0.6902573746056675,0.0010519925551218945,0.0020998799866382978
317,195,5,IID,0.5282051282051282,regularized_logistic,0.5233220768256649,0.5510015442608742,0.2558791652664107,0.7049718043953443,0.4717948717948718,0.5,0.08267842212839599,0.5,0.5282051282051282,0.24956982411527862,0.6922867430763465,-0.006309341151132075,-0.012685061318997826
318,195,5,IID,0.5076923076923077,regularized_logistic,0.4319234006734007,0.48373347174119175,0.250889984433742,0.6949274536087915,0.4461538461538462,0.4422348484848485,0.06091307512638309,0.5,0.5076923076923077,0.25054299569701527,0.6942361237608558,-0.0003469887367267277,-0.0006913298479357399
319,195,5,IID,0.48717948717948717,regularized_logistic,0.5547368421052631,0.5349964480045548,0.24921192925633598,0.6915701377547377,0.517948717948718,0.5057894736842106,0.0027168690102400673,0.5,0.48717948717948717,0.24995987733778868,0.6930673144378009,0.000747948081452704,0.0014971766830631505
320,195,5,IID,0.48717948717948717,regularized_logistic,0.5166315789473683,0.5129095385593874,0.2501219512291026,0.693392458682176,0.5128205128205128,0.5,0.02093375152978777,0.5,0.48717948717948717,0.24984954439499887,0.69284624529436,-0.0002724068341037056,-0.0005462133878160191
321,195,5,IID,0.5230769230769231,regularized_logistic,0.48302761965001056,0.5219740597281235,0.25058631814007987,0.6943200028698483,0.47692307692307695,0.5,0.033065022565727964,0.5,0.5230769230769231,0.24977087525547326,0.692691529801359,-0.0008154428846066097,-0.0016284730684893445
322,195,5,IID,0.5076923076923077,regularized_logistic,0.5258838383838383,0.5050968494821597,0.25006730093377844,0.6932817550411088,0.48717948717948717,0.4947916666666667,0.018143741630292736,0.5,0.5076923076923077,0.25242496046402885,0.6980128707619988,0.002357659530250411,0.004731115720890022
323,195,5,IID,0.5025641025641026,regularized_logistic,0.5015779507679361,0.5249808470851671,0.2506715262676433,0.6944925770217263,0.5025641025641026,0.5,0.026745551198532613,0.5,0.5025641025641026,0.250060332855224,0.6932678826184675,-0.0006111934124192753,-0.0012246944032587859
324,195,5,IID,0.46153846153846156,regularized_logistic,0.5001058201058202,0.4472404617297251,0.2488810940625009,0.6909141546975628,0.5384615384615384,0.5,0.016402023231688545,0.5,0.46153846153846156,0.25701796325387616,0.7072486961893781,0.008136869191375268,0.016334541491815346
325,195,5,IID,0.48205128205128206,regularized_logistic,0.5214872551084896,0.4814109458424377,0.25234333123412916,0.6978487128853127,0.48205128205128206,0.5,0.052813502462293715,0.5,0.48205128205128206,0.24982579654255094,0.6927987595902517,-0.002517534691578227,-0.005049953295060972
326,195,5,IID,0.5487179487179488,regularized_logistic,0.5444987255734919,0.5642325942719588,0.25459500033566745,0.702353986843793,0.4512820512820513,0.5,0.08369068128227614,0.5,0.5487179487179488,0.2531526675178066,0.6994586181798925,-0.0014423328178608807,-0.0028953686639004994
327,195,5,IID,0.5128205128205128,regularized_logistic,0.5312631578947369,0.5194097970178451,0.249679852610072,0.6925068852989104,0.5435897435897435,0.5321052631578947,0.03829309975687416,0.5,0.5128205128205128,0.2499794920831736,0.6931061646895617,0.0002996394731016039,0.0005992793906512972
328,195,5,IID,0.4666666666666667,regularized_logistic,0.4528740490278952,0.4403750809840866,0.2513030508658965,0.6957542560116056,0.4666666666666667,0.5,0.04836847521833754,0.5,0.4666666666666667,0.25198552011474634,0.697121191363652,0.0006824692488498485,0.001366935352046461
329,195,5,IID,0.4717948717948718,regularized_logistic,0.5129801604052342,0.48084407339897317,0.24919781436111474,0.6915419030608463,0.5282051282051282,0.5,0.0017375278546665207,0.5,0.4717948717948718,0.24928905304562707,0.69172477532147,9.12386845123292e-05,0.0001828722606237454
330,195,5,IID,0.49230769230769234,regularized_logistic,0.5127314814814815,0.5100667714482531,0.2500713129783771,0.6932903231902905,0.5076923076923077,0.5,0.012750788785489686,0.5,0.49230769230769234,0.24995014001775834,0.6930474630155254,-0.00012117296061875393,-0.00024286017476504718
331,195,5,IID,0.5487179487179488,regularized_logistic,0.5,0.5487179487179488,0.25,0.6931471805599453,0.5487179487179488,0.5,0.04871794871794877,0.5,0.5487179487179488,0.2515663249848074,0.6962807073795002,0.0015663249848074101,0.0031335268195549215
332,195,5,IID,0.5435897435897435,regularized_logistic,0.4419122323510706,0.5184385417231163,0.2610918323377163,0.7155131043244509,0.4564102564102564,0.5,0.11307050366023569,0.5,0.5435897435897435,0.24965682952159285,0.6924608243652643,-0.011435002816123474,-0.023052279959186572
333,195,5,IID,0.49230769230769234,regularized_logistic,0.4805345117845118,0.5267713174460491,0.2501985951354729,0.6935443224477836,0.48717948717948717,0.4943181818181818,0.018299664697806396,0.5,0.49230769230769234,0.25008064812722963,0.6933084808755828,-0.00011794700824324655,-0.00023584157220080115
334,195,5,IID,0.49743589743589745,regularized_logistic,0.5173574584472964,0.5524421155430222,0.25330838452395044,0.6998031720430627,0.49743589743589745,0.5,0.057624722228537095,0.5,0.49743589743589745,0.2514451338793939,0.696044465074108,-0.0018632506445565578,-0.0037587069689547503
335,195,5,IID,0.47692307692307695,regularized_logistic,0.545751633986928,0.501535998366037,0.2503927676267681,0.6939327941780042,0.47692307692307695,0.5,0.03280783636120349,0.5,0.47692307692307695,0.25012057814462024,0.6933883388761545,-0.00027218948214785543,-0.0005444553018497666
336,195,5,IID,0.4717948717948718,regularized_logistic,0.5430561418319967,0.4986932293017392,0.24950169095916605,0.6921504124190191,0.5230769230769231,0.4963064584212748,0.022991026766318687,0.5,0.4717948717948718,0.2501460072609584,0.6934391975256794,0.0006443163017923748,0.0012887851066603062
337,195,5,IID,0.48717948717948717,regularized_logistic,0.5173684210526317,0.5300451146745359,0.25000606445498785,0.6931605380607827,0.5128205128205128,0.5,0.017035161811420396,0.5,0.48717948717948717,0.24984394018203174,0.6928350393766384,-0.00016212427295611564,-0.0003254986841443319
338,195,5,IID,0.5435897435897435,regularized_logistic,0.5295738817044732,0.5916734417787631,0.24853640406562538,0.6902177987077549,0.5487179487179488,0.5065189739241043,0.033572575200787186,0.5,0.5435897435897435,0.25410216129975705,0.7013658616910649,0.005565757234131663,0.011148062983309948
339,195,5,IID,0.48717948717948717,regularized_logistic,0.4645263157894737,0.4479951923866998,0.2507410752693421,0.6946301157989558,0.48717948717948717,0.5,0.02771673374403788,0.5,0.48717948717948717,0.24984954439499887,0.6928462452943598,-0.0008915308743432104,-0.0017838705045960523
340,195,5,IID,0.49743589743589745,regularized_logistic,0.4739112139701242,0.5159084334287687,0.25036821924833913,0.6938837278948109,0.49743589743589745,0.5,0.012798011569620682,0.5,0.49743589743589745,0.2500188616792674,0.6931849042780552,-0.00034935756907172877,-0.0006988236167556616
341,195,5,IID,0.47692307692307695,regularized_logistic,0.5066413662239089,0.5141690250160627,0.24951867752812354,0.6921844935054058,0.5230769230769231,0.5,0.007011909661985338,0.5,0.47692307692307695,0.25309956759994323,0.699360347877359,0.0035808900718196923,0.0071758543719532275
342,195,5,IID,0.5384615384615384,regularized_logistic,0.4877248677248678,0.5460331742354365,0.2502627054535183,0.6937334846404241,0.5384615384615384,0.5,0.041587575293821843,0.5,0.5384615384615384,0.24969921138215653,0.6925455900162962,-0.0005634940713617753,-0.0011878946241278276
343,195,5,IID,0.48717948717948717,regularized_logistic,0.4846315789473685,0.47206311499810477,0.2500361745087535,0.6932196244172164,0.5128205128205128,0.5,0.002321037235061718,0.5,0.48717948717948717,0.2504715419816847,0.694090489341071,0.00043536747293121403,0.0008708649238545751
344,195,5,IID,0.5076923076923077,regularized_logistic,0.4175084175084175,0.45649688186537074,0.25077705184826227,0.6947054207292833,0.5076923076923077,0.5,0.017463130572826002,0.5,0.5076923076923077,0.24995014001775834,0.6930474630155254,-0.0008269118305039291,-0.0016579577137578738
345,195,5,IID,0.4512820512820513,regularized_logistic,0.5492778249787597,0.4896683216905185,0.2510393545829584,0.6952261644760408,0.4512820512820513,0.5,0.05873531514052183,0.5,0.4512820512820513,0.25365508521030683,0.7004664584482899,0.0026157306273484338,0.0052402939722491215
346,195,5,IID,0.4717948717948718,regularized_logistic,0.4482904178978472,0.4464256458222601,0.2502634528324568,0.6936740988998089,0.4512820512820513,0.4527226677923174,0.05103726174152546,0.5,0.4717948717948718,0.25246839311452385,0.6980904212067489,0.002204940282067025,0.0044163223069400015
347,195,5,IID,0.49743589743589745,regularized_logistic,0.45665895224069,0.475997157909797,0.2514189907535226,0.6959919156280384,0.49743589743589745,0.5,0.037621542122158846,0.5,0.49743589743589745,0.2514451338793939,0.696044465074108,2.614312587129186e-05,5.2549446069583006e-05
348,195,5,IID,0.46153846153846156,regularized_logistic,0.5842328042328043,0.5488223018865046,0.25386945038561615,0.7009004554967847,0.46153846153846156,0.5,0.07349522117026663,0.5,0.46153846153846156,0.24911665344422676,0.6913800742395546,-0.004752796941389387,-0.009520381257230093
349,195,5,IID,0.4666666666666667,regularized_logistic,0.4637573964497041,0.4680201968777572,0.24899731762245192,0.6911415298378907,0.5333333333333333,0.5,0.006844636856084385,0.5,0.4666666666666667,0.24919973590146388,0.691546206991153,0.0002024182790119622,0.0004046771532623117
350,195,5,IID,0.5230769230769231,regularized_logistic,0.47396162766181743,0.5222566835808851,0.2509431046703734,0.6950340598566358,0.47692307692307695,0.5,0.038042029880564876,0.5,0.5230769230769231,0.2498917160975764,0.6929306110304309,-0.0010513885727969907,-0.0021034488262049456
351,195,5,IID,0.5333333333333333,regularized_logistic,0.5240912933220625,0.525857222970044,0.25130312394819154,0.6957543733633474,0.4666666666666667,0.5,0.04831599759911265,0.5,0.5333333333333333,0.24984085786489998,0.6928288937313813,-0.001462266083291558,-0.002925479631966099
352,195,5,IID,0.5025641025641026,regularized_logistic,0.5186198190616452,0.5339617655034745,0.2518972553623827,0.6969575919080471,0.49743589743589745,0.5,0.04347869123298009,0.5,0.5025641025641026,0.2512041527218086,0.6955602739957395,-0.0006931026405740948,-0.0013973179123075719
353,195,5,IID,0.4512820512820513,regularized_logistic,0.5270815632965166,0.48516920370553146,0.24772142458116442,0.688583871200745,0.5487179487179488,0.5,0.013594059034808537,0.5,0.4512820512820513,0.2502477237263113,0.6936426321237789,0.002526299145146904,0.0050587609230338115
354,195,5,IID,0.4564102564102564,regularized_logistic,0.4625821496714013,0.4223969213187114,0.256996584889694,0.7071979824836107,0.4564102564102564,0.5,0.0936259265059291,0.5,0.4564102564102564,0.25462531458023563,0.7024174879627024,-0.0023712703094583842,-0.0047804945209082295
355,195,5,IID,0.49230769230769234,regularized_logistic,0.5251473063973063,0.5495130226359926,0.2500252290783493,0.6931976224053685,0.49230769230769234,0.5,0.012728601724021127,0.5,0.49230769230769234,0.25054299569701527,0.6942361237608558,0.0005177666186659824,0.0010385013554872202
356,195,5,IID,0.49743589743589745,regularized_logistic,0.5287187039764359,0.5128304573594347,0.25219295317776935,0.6975501011833456,0.49743589743589745,0.5,0.04762180032269281,0.5,0.49743589743589745,0.24999588440610226,0.6931389495735193,-0.002197068771667088,-0.004411151609826303
357,195,5,IID,0.5128205128205128,regularized_logistic,0.5509473684210525,0.5624938247374691,0.25299341485248195,0.6991558808956116,0.48717948717948717,0.5,0.05810987474692331,0.5,0.5128205128205128,0.2500697199119439,0.693286621577105,-0.0029236949405380686,-0.005869259318506681
358,195,5,IID,0.4564102564102564,regularized_logistic,0.5047699809200763,0.43917067961643624,0.2509711616175283,0.6950897768694336,0.4564102564102564,0.5,0.05359370188805829,0.5,0.4564102564102564,0.2481941299371803,0.6895316602098481,-0.0027770316803480133,-0.005558116659585499
359,195,5,IID,0.49743589743589745,regularized_logistic,0.4770671155059961,0.5230229557342384,0.2500076513433785,0.6931624832465646,0.49743589743589745,0.49726488533557756,0.0027576834649233476,0.5,0.49743589743589745,0.2500188616792674,0.6931849042780552,1.1210335888911516e-05,2.242103149063812e-05
360,195,5,IID,0.5487179487179488,regularized_logistic,0.5471537807986406,0.6026324335201159,0.24737703537546216,0.687883260016072,0.5487179487179488,0.5,0.016087938440117466,0.5,0.5487179487179488,0.25096842551388,0.6950842541664138,0.0035913901384178326,0.007200994150341811
361,195,5,IID,0.5384615384615384,regularized_logistic,0.5143915343915344,0.5805286635143998,0.2484940558136103,0.6901320195792198,0.5384615384615384,0.5,0.0015283727958792515,0.5,0.5384615384615384,0.2491166534442268,0.6913800742395546,0.0006225976306164782,0.0012480546603348408
362,195,5,IID,0.47692307692307695,regularized_logistic,0.5378452456251318,0.5052238815989678,0.24980577079352592,0.6927615827320956,0.5230769230769231,0.5,0.022104610663227664,0.5,0.47692307692307695,0.25152779602065856,0.6962051346921192,0.0017220252271326342,0.00344355196002355
363,195,5,IID,0.4564102564102564,regularized_logistic,0.5346618613525546,0.5336915589842657,0.2574608733599122,0.7081365993288462,0.4564102564102564,0.5,0.09840731999113012,0.5,0.4564102564102564,0.25053781180002077,0.6942228536555869,-0.006923061559891419,-0.013913745673259315
364,195,5,IID,0.48717948717948717,regularized_logistic,0.5056842105263158,0.4985658382740069,0.2552178911292309,0.7036528165147429,0.48717948717948717,0.5,0.07316536182723948,0.5,0.48717948717948717,0.2499111206849749,0.6929694182714555,-0.0053067704442559815,-0.010683398243287345
365,195,5,IID,0.4666666666666667,regularized_logistic,0.51458157227388,0.4974786465141317,0.25281825383035705,0.698791435403702,0.4666666666666667,0.5,0.06315273521495457,0.5,0.4666666666666667,0.24914418414042755,0.6914349820175616,-0.0036740696899295044,-0.007356453386140438
366,195,5,IID,0.5333333333333333,regularized_logistic,0.5461749788672865,0.5727088075687164,0.25261371572742713,0.6983807938101776,0.4666666666666667,0.5,0.06318795364660706,0.5,0.5333333333333333,0.24939917583043056,0.6919453650008157,-0.0032145398969965766,-0.006435428809361876
367,195,5,IID,0.49743589743589745,regularized_logistic,0.4442457395329265,0.45595687884585834,0.2502749031189984,0.6936970853776941,0.5076923076923077,0.5100988849147906,0.007437406298869246,0.5,0.49743589743589745,0.24999343256292922,0.6931340456285304,-0.0002814705560691966,-0.0005630397491637185
368,195,5,IID,0.49230769230769234,regularized_logistic,0.5339856902356903,0.5272831543038554,0.24960699223134208,0.6923606011276757,0.517948717948718,0.5107323232323232,0.00694179486792261,0.5,0.49230769230769234,0.24994278448823895,0.6930327460336979,0.0003357922568968663,0.0006721449060221873
369,195,5,IID,0.37435897435897436,regularized_logistic,0.4609252189535145,0.37969965679182766,0.2633220993906535,0.7198690921290779,0.37435897435897436,0.5,0.17054569878040282,0.5,0.37435897435897436,0.253727799873555,0.7006047954441582,-0.009594299517098503,-0.01926429668491969
370,195,5,IID,0.5333333333333333,regularized_logistic,0.48267117497886725,0.5290533861556699,0.2496705807217173,0.692488172970422,0.5230769230769231,0.49381868131868134,0.022053357589987953,0.5,0.5333333333333333,0.2506887052341597,0.6945247519484004,0.0010181245124424032,0.002036578977978376
371,195,5,IID,0.49743589743589745,regularized_logistic,0.45076793604039556,0.4745269169352518,0.2503273448285749,0.6938019409075518,0.4666666666666667,0.46470650115716394,0.03798396889609083,0.5,0.49743589743589745,0.25032092875819395,0.6937896470871363,-6.416070380932393e-06,-1.2293820415454348e-05
372,195,5,IID,0.48205128205128206,regularized_logistic,0.472824942068675,0.47517903507305426,0.2510198363500041,0.6951880502238336,0.47692307692307695,0.4946808510638298,0.038242550950708755,0.5,0.48205128205128206,0.24998719787600335,0.6931236682236754,-0.00103263847400073,-0.002064382000158127
373,195,5,IID,0.49230769230769234,regularized_logistic,0.48358585858585856,0.4832383938839294,0.25344400716887777,0.7000692803889257,0.49230769230769234,0.5,0.05802182136611178,0.5,0.49230769230769234,0.2507161658776986,0.6945840666488917,-0.002727841291179145,-0.005485213740033967
374,195,5,IID,0.46153846153846156,regularized_logistic,0.5126984126984127,0.52272821883751,0.24889785702144795,0.6909420408606726,0.5384615384615384,0.5,0.02310034675314865,0.5,0.46153846153846156,0.25163623754157183,0.6964210919447729,0.002738380520123873,0.005479051084100295
375,195,5,IID,0.5128205128205128,regularized_logistic,0.47526315789473683,0.4990991130204651,0.2509385113581249,0.6950363526022003,0.5128205128205128,0.5,0.031443707934918574,0.5,0.5128205128205128,0.24986460571734803,0.6928763760988766,-0.0010739056407768621,-0.0021599765033236684
376,195,5,IID,0.5230769230769231,regularized_logistic,0.4903014969428632,0.5356295431136937,0.252717778420767,0.6986859578893595,0.5230769230769231,0.5,0.056956117106923276,0.5,0.5230769230769231,0.24952372946362425,0.6921946185013349,-0.003194048957142731,-0.006491339388024597
377,195,5,IID,0.5025641025641026,regularized_logistic,0.49905322953923836,0.49649780695624574,0.250446671898849,0.6940419647157422,0.5230769230769231,0.5233010730065222,0.01343002799097361,0.5,0.5025641025641026,0.2502172508183027,0.6935818027652827,-0.00022942108054629928,-0.00046016195045950337
378,195,5,IID,0.5282051282051282,regularized_logistic,0.3709371042634022,0.46090087475500396,0.25006015575708873,0.6932825710902686,0.5282051282051282,0.5,0.026902701246677596,0.5,0.5282051282051282,0.2503598079856533,0.693866830139253,0.0002996522285645953,0.0005842590489844035
379,195,5,IID,0.4666666666666667,regularized_logistic,0.4624894336432797,0.4648075581363408,0.25044165310932526,0.694030537393595,0.4666666666666667,0.5,0.038331875672613425,0.5,0.4666666666666667,0.24947658402203846,0.6921002423370087,-0.0009650690872868017,-0.001930295056586262
380,195,5,IID,0.5025641025641026,regularized_logistic,0.5114664422470019,0.5270240490575251,0.2501093754603709,0.6933659814336862,0.49743589743589745,0.5,0.012194864572079411,0.5,0.5025641025641026,0.25021220702663227,0.6935718862720807,0.00010283156626139656,0.00020590483839444396
381,195,5,IID,0.49743589743589745,regularized_logistic,0.48748159057437407,0.4973772110940197,0.2504065343419724,0.6939607152825581,0.5076923076923077,0.5052598358931202,0.013472057761784182,0.5,0.49743589743589745,0.24999644482739908,0.69314007020889,-0.00041008951457333076,-0.0008206450736680804
382,195,5,IID,0.5025641025641026,regularized_logistic,0.4973700820534399,0.47899193799707973,0.25019698314440886,0.6935411348715367,0.4717948717948718,0.4734904270986745,0.03458088793215296,0.5,0.5025641025641026,0.2509850279947951,0.6951203746548227,0.0007880448503862492,0.0015792397832860017
383,195,5,IID,0.49743589743589745,regularized_logistic,0.5186198190616453,0.5211913026918099,0.2520003637947057,0.697164049805885,0.49743589743589745,0.5,0.04750599600213279,0.5,0.49743589743589745,0.2506123478324831,0.6943730213490528,-0.0013880159622225996,-0.002791028456832212
384,195,5,IID,0.5743589743589743,regularized_logistic,0.43362736660929435,0.5293050907494403,0.24493400720863212,0.6829904791030806,0.5743589743589743,0.5,0.009870044474528328,0.5,0.5743589743589743,0.25258180837444544,0.6983125770149513,0.007647801165813317,0.015322097911870669
385,195,5,IID,0.48717948717948717,regularized_logistic,0.5237894736842105,0.5353675759684533,0.25011550943646016,0.693379487191483,0.5128205128205128,0.5,0.017213448343647242,0.5,0.48717948717948717,0.25024604246242116,0.6936393058702046,0.00013053302596099936,0.0002598186787216017
386,195,5,IID,0.5435897435897435,regularized_logistic,0.5245919016323936,0.5661654907273623,0.25481350078055587,0.7027980699148972,0.4564102564102564,0.5,0.08332715049818412,0.5,0.5435897435897435,0.2518142413559393,0.6967772426538594,-0.002999259424616596,-0.006020827261037809
387,195,5,IID,0.5384615384615384,regularized_logistic,0.49502645502645504,0.5529203656892304,0.2504223742605725,0.6939919814485913,0.4666666666666667,0.5047619047619047,0.04335330178013652,0.5,0.5384615384615384,0.2507819453273997,0.6947112526877381,0.0003595710668272134,0.0007192712391468348
388,195,5,IID,0.47692307692307695,regularized_logistic,0.4880877082015602,0.4995448709207838,0.2498508324508141,0.6928480690911203,0.5025641025641026,0.4955724225173941,0.018600299522847183,0.5,0.47692307692307695,0.24954894842197628,0.692244891852486,-0.0003018840288378233,-0.0006031772386342338
389,195,5,IID,0.5230769230769231,regularized_logistic,0.45899219903014965,0.4957625633259839,0.25156530268445026,0.6963301141351717,0.5230769230769231,0.5,0.042261776039595134,0.5,0.5230769230769231,0.25003882668796273,0.6932248340072105,-0.0015264759964875307,-0.0031052801279611852
390,195,5,IID,0.48717948717948717,regularized_logistic,0.4517894736842106,0.44530849930642113,0.25275855013418763,0.6986815790009796,0.48717948717948717,0.5,0.048748656960831915,0.5,0.48717948717948717,0.25012302998779334,0.6933932465266147,-0.002635520146394288,-0.005288332474364887
391,195,5,IID,0.5538461538461539,regularized_logistic,0.5355470412941677,0.5670641523648474,0.24860428971796625,0.6903549836013206,0.5538461538461539,0.5,0.038894371798242955,0.5,0.5538461538461539,0.25027315284264945,0.6936934907733038,0.0016688631246832009,0.0033385071719831405
392,195,5,IID,0.4666666666666667,regularized_logistic,0.4489644970414201,0.4623350210340902,0.252073183470318,0.6974318901502903,0.5333333333333333,0.5,0.051220584372913595,0.5,0.4666666666666667,0.2521722104592127,0.6974953741489394,9.902698889469042e-05,6.348399864908316e-05
393,195,5,IID,0.5230769230769231,regularized_logistic,0.5470166561248155,0.5354958509765111,0.250639332088181,0.694425676961626,0.47692307692307695,0.5,0.03839707064636755,0.5,0.5230769230769231,0.2498263569638476,0.6927998869693919,-0.0008129751243333982,-0.0016257899922341723
394,195,5,IID,0.49230769230769234,regularized_logistic,0.5117845117845119,0.49846570544558944,0.25041974960602637,0.6939886889373836,0.5076923076923077,0.5,0.02232733115951213,0.5,0.49230769230769234,0.24995014001775834,0.6930474630155254,-0.00046960958826802734,-0.0009412259218581909
395,195,5,IID,0.5743589743589743,regularized_logistic,0.4998924268502582,0.5517546154634435,0.2448890889939139,0.6828970357297545,0.5743589743589743,0.5,0.019451711981568254,0.5,0.5743589743589743,0.2541387287893674,0.701431427225507,0.009249639795453485,0.018534391495752534
396,195,5,IID,0.5025641025641026,regularized_logistic,0.4957921312855039,0.5006604756833112,0.25050302172987754,0.6941546526828626,0.5025641025641026,0.5,0.022471926277306542,0.5,0.5025641025641026,0.25009346776439195,0.6933341339616734,-0.0004095539654855873,-0.0008205187211891563
397,195,5,IID,0.5435897435897435,regularized_logistic,0.4595081619673521,0.5101946479020312,0.2574972876747306,0.7082116287879767,0.4564102564102564,0.5,0.09419156423951969,0.5,0.5435897435897435,0.25105206839241406,0.6952516590449452,-0.006445219282316561,-0.012959969743031485
398,195,5,IID,0.4717948717948718,regularized_logistic,0.502216124947235,0.49727696583085235,0.2578971846074044,0.7090557298266527,0.4717948717948718,0.5,0.0932622025216383,0.5,0.4717948717948718,0.2517566580677024,0.6966631630278856,-0.006140526539701985,-0.012392566798767102
399,195,5,IID,0.4256410256410256,regularized_logistic,0.5149526678141135,0.44491410241511276,0.2450320728839552,0.6831857439604654,0.5743589743589743,0.5,0.025494759105970266,0.5,0.4256410256410256,0.24489675113266393,0.6829123443832901,-0.000135321751291273,-0.00027339957717531504
400,195,5,IID,0.5282051282051282,regularized_logistic,0.524166314900802,0.5610973138666263,0.2528945670703499,0.6989472094794577,0.4717948717948718,0.5,0.062299738519935255,0.5,0.5282051282051282,0.2501460072609585,0.6934391975256795,-0.0027485598093914265,-0.005508011953778147
401,195,5,IID,0.441025641025641,regularized_logistic,0.5153616385747813,0.48210947370230073,0.2560995525526173,0.7053745350307902,0.441025641025641,0.5,0.09838795751056062,0.5,0.441025641025641,0.24825416506859027,0.689654228472129,-0.007845387484027022,-0.01572030655866119
402,195,5,IID,0.517948717948718,regularized_logistic,0.46861175479250056,0.5230122854166759,0.25086069550834805,0.6948693384836497,0.48205128205128206,0.5,0.0329953441383371,0.5,0.517948717948718,0.25009514902828206,0.6933374802266299,-0.0007655464800659928,-0.001531858257019847
403,195,5,IID,0.5230769230769231,regularized_logistic,0.4959940965633566,0.542801176087923,0.2496378728711077,0.6924228382338307,0.5230769230769231,0.5,0.01295637188055887,0.5,0.5230769230769231,0.25030047338086414,0.6937481556338084,0.0006626005097564447,0.0013253173999777657
404,195,5,IID,0.49230769230769234,regularized_logistic,0.4619107744107744,0.48767225894194854,0.2505724746265687,0.6942953057743728,0.5076923076923077,0.5,0.01709540200136933,0.5,0.49230769230769234,0.24994278448823895,0.6930327460336979,-0.0006296901383297249,-0.0012625597406749067
405,195,5,IID,0.4358974358974359,regularized_logistic,0.5472727272727272,0.4525257795151798,0.2588621243075705,0.7109388124525008,0.4358974358974359,0.5,0.11406420783938276,0.5,0.4358974358974359,0.2522597062341615,0.6976681608222086,-0.006602418073409,-0.013270651630292174
406,195,5,IID,0.517948717948718,regularized_logistic,0.5120075837370971,0.5484683560024426,0.24972699466027884,0.69260123393547,0.517948717948718,0.5,0.007069847952945407,0.5,0.517948717948718,0.2504089849544394,0.6939652497303868,0.0006819902941605782,0.0013640157949167397
407,195,5,IID,0.5076923076923077,regularized_logistic,0.5064183501683501,0.5261840761890605,0.25175278358255687,0.6966604368399238,0.49230769230769234,0.5,0.042813101281349186,0.5,0.5076923076923077,0.2499629596549206,0.6930731161894942,-0.0017898239276362693,-0.0035873206504296595
408,195,5,IID,0.47692307692307695,regularized_logistic,0.46110056925996207,0.4742119574598085,0.25048685500593204,0.6941209363776093,0.4666666666666667,0.4811827956989247,0.03871324186113758,0.5,0.47692307692307695,0.24952183804174782,0.6921906231838957,-0.0009650169641842177,-0.0019303131937136175
409,195,5,IID,0.4717948717948718,regularized_logistic,0.5051709582102153,0.5208989984940287,0.2545760142734886,0.7023296808350801,0.4717948717948718,0.5,0.07329859254459181,0.5,0.4717948717948718,0.2501460072609584,0.6934391975256794,-0.004430007012530157,-0.008890483309400676
410,195,5,IID,0.5384615384615384,regularized_logistic,0.4548148148148148,0.5116528064618743,0.24951251392020216,0.6921726356899344,0.5333333333333333,0.49523809523809526,0.023204093899693086,0.5,0.5384615384615384,0.2507819453273997,0.6947112526877381,0.0012694314071975688,0.0025386169978037776
411,195,5,IID,0.5076923076923077,regularized_logistic,0.4853745791245791,0.5070435505715688,0.250186942948726,0.6935213994290625,0.5076923076923077,0.5,0.00810413512894903,0.5,0.5076923076923077,0.25015462373839537,0.6934569646775195,-3.2319210330644665e-05,-6.443475154305212e-05
412,195,5,IID,0.49743589743589745,regularized_logistic,0.4266778876499054,0.4477306452036607,0.25141130129270206,0.6959786497074216,0.5025641025641026,0.5,0.03273082672602562,0.5,0.49743589743589745,0.2501660423223157,0.6934794555693811,-0.0012452589703863537,-0.0024991941380405613
413,195,5,IID,0.5333333333333333,regularized_logistic,0.5674133558748943,0.5827929392448528,0.24902187424118266,0.6911900040456891,0.5333333333333333,0.5,0.013326789314254572,0.5,0.5333333333333333,0.2490494729412835,0.6912452865995944,2.759870010082821e-05,5.528255390530035e-05
414,195,5,IID,0.441025641025641,regularized_logistic,0.5396842329848517,0.4659819125589869,0.24955834465043755,0.6922637317937329,0.5333333333333333,0.5359505013868147,0.05945262475544788,0.5,0.441025641025641,0.24971371228320896,0.6925746004837571,0.0001553676327714082,0.0003108686900241686
415,195,5,IID,0.4307692307692308,regularized_logistic,0.3625053625053625,0.3405726211949305,0.24912576259032995,0.6913990393720822,0.5692307692307692,0.5,0.049794287956811345,0.5,0.4307692307692308,0.24789815743985538,0.6889419270539561,-0.00122760515047457,-0.0024571123181261756
416,195,5,IID,0.5333333333333333,regularized_logistic,0.49218089602704984,0.5406546099218401,0.24891640796314274,0.6909786593634012,0.5333333333333333,0.5,0.0014358140083138293,0.5,0.5333333333333333,0.2499455865947226,0.6930383536509054,0.0010291786315798634,0.002059694287504188
417,195,5,IID,0.4666666666666667,regularized_logistic,0.46037616229923917,0.4515073432336766,0.2533050659784889,0.6997698523671281,0.4666666666666667,0.5,0.06196967108343299,0.5,0.4666666666666667,0.24955945632128956,0.6922660322818143,-0.0037456096571993336,-0.007503820085313806
418,195,5,IID,0.48205128205128206,regularized_logistic,0.4430166420897409,0.46304380307160264,0.24988236825862223,0.692912192149826,0.517948717948718,0.5,0.002889168973426337,0.5,0.48205128205128206,0.24978831836833343,0.692723790144611,-9.404989028879984e-05,-0.00018840200521497152
419,195,5,IID,0.5282051282051282,regularized_logistic,0.5777754326720134,0.5943779568280853,0.25328710746789534,0.6997348755606846,0.4717948717948718,0.5,0.06854990851769249,0.5,0.5282051282051282,0.2501460072609584,0.6934391975256795,-0.00314110020693692,-0.006295678035005081
420,195,5,IID,0.5435897435897435,regularized_logistic,0.49703201187195245,0.5691345998015214,0.2535865693377406,0.7003320589612254,0.4564102564102564,0.5,0.07407446162363823,0.5,0.5435897435897435,0.2491787901554994,0.6915045257949318,-0.004407779182241195,-0.008827533166293589
421,195,5,IID,0.46153846153846156,regularized_logistic,0.46179894179894176,0.4496549207206231,0.24928914116723785,0.6917253493473297,0.5384615384615384,0.5,0.023556408978550325,0.5,0.46153846153846156,0.25145445088345164,0.6960571203403517,0.002165309716213787,0.004331770993022066
422,195,5,IID,0.4717948717948718,regularized_logistic,0.49071338117349095,0.4837648203833015,0.25111071277069025,0.6953694116896246,0.4717948717948718,0.5,0.04300031829691486,0.5,0.4717948717948718,0.24950936866789608,0.6921657846037577,-0.0016013441027941666,-0.003203627085866967
423,195,5,IID,0.5794871794871795,regularized_logistic,0.47690481329592055,0.5872117943644919,0.25924050294583634,0.7116846374146625,0.4205128205128205,0.5,0.12461629361062304,0.5,0.5794871794871795,0.2540452785381411,0.7012434463855513,-0.005195224407695265,-0.01044119102911123
424,195,5,IID,0.47692307692307695,regularized_logistic,0.5193970061142736,0.5249329640432341,0.24930249272032398,0.6917512497190623,0.5230769230769231,0.5,0.003451693277874035,0.5,0.47692307692307695,0.24948506039415125,0.6921170175677622,0.00018256767382726635,0.000365767848699905
425,195,5,IID,0.49230769230769234,regularized_logistic,0.5204124579124578,0.5031657140297305,0.25045594192463827,0.6940594055791379,0.49230769230769234,0.5,0.022718605151983873,0.5,0.49230769230769234,0.2503916819469036,0.6939323560340522,-6.425997773468195e-05,-0.000127049545085689
426,195,5,IID,0.517948717948718,regularized_logistic,0.5396039603960396,0.57219404402656,0.258170327707382,0.7096515123674609,0.48205128205128206,0.5,0.09300827831922187,0.5,0.517948717948718,0.25024113877607496,0.6936294811283638,-0.007929188931307063,-0.01602203123909718
427,195,5,IID,0.517948717948718,regularized_logistic,0.45123235727828104,0.4954378723313737,0.25336587128762766,0.6999876234452683,0.517948717948718,0.5,0.057473668040493586,0.5,0.517948717948718,0.24986873882441124,0.6928846526204235,-0.0034971324632164236,-0.00710297082484479
428,195,5,IID,0.4307692307692308,regularized_logistic,0.5132990132990133,0.4455910309365494,0.2467574463383893,0.686655431231633,0.5692307692307692,0.5,0.039075162702443544,0.5,0.4307692307692308,0.25242075730430347,0.6979903689185798,0.005663310965914159,0.011334937686946822
429,195,5,IID,0.5384615384615384,regularized_logistic,0.475026455026455,0.5340039711558277,0.24897922916673876,0.6911108790225151,0.5384615384615384,0.5,0.011986126834890865,0.5,0.5384615384615384,0.24873080338144196,0.6906072812649462,-0.0002484257852967964,-0.0005035977575689188
430,195,5,IID,0.46153846153846156,regularized_logistic,0.5005291005291005,0.4539130774568019,0.24852396775424346,0.6901916517342781,0.5384615384615384,0.5,0.0035907264761643187,0.5,0.46153846153846156,0.24938334392879838,0.6919137415976708,0.0008593761745549211,0.0017220898633927284
431,195,5,IID,0.5230769230769231,regularized_logistic,0.49778621125869704,0.5313895753617686,0.2499969176860646,0.6931410146131326,0.5230769230769231,0.5251423149905123,0.023228970898777995,0.5,0.5230769230769231,0.25061129704255175,0.6943699806331775,0.0006143793564871436,0.0012289660200448527
432,195,5,IID,0.4564102564102564,regularized_logistic,0.4741361034555862,0.46589057254377675,0.24866380702826868,0.6904760874509311,0.5435897435897435,0.5,0.013867344241522916,0.5,0.4564102564102564,0.2514222266588909,0.6959924348418562,0.002758419630622233,0.005516347390925103
433,195,5,IID,0.441025641025641,regularized_logistic,0.41497759761041175,0.39283829947942345,0.2520894333366358,0.6973274891978145,0.441025641025641,0.5,0.07402165832946817,0.5,0.441025641025641,0.2502985819589877,0.6937443494228285,-0.0017908513776481172,-0.0035831397749860328
434,195,5,IID,0.5230769230769231,regularized_logistic,0.4399114484503479,0.47884359385309616,0.25003078487077723,0.6932131942399238,0.5230769230769231,0.5,0.006730807198962241,0.5,0.5230769230769231,0.25084583335522487,0.6948393446912808,0.0008150484844476336,0.0016261504513570557
435,195,5,IID,0.48717948717948717,regularized_logistic,0.5561052631578948,0.563254386270158,0.25564993985628426,0.7046554148705084,0.5128205128205128,0.5,0.07711152606328264,0.5,0.48717948717948717,0.25144310235219325,0.696036992151121,-0.00420683750409101,-0.008618422719387397
436,195,5,IID,0.48205128205128206,regularized_logistic,0.5812091847482621,0.5401264143315211,0.24982755350239344,0.6928022743893185,0.517948717948718,0.5,0.012913901291540297,0.5,0.48205128205128206,0.250165411848357,0.6934780121776466,0.0003378583459635598,0.0006757377883280791
437,195,5,IID,0.38974358974358975,regularized_logistic,0.45964175143741703,0.40050156123517466,0.24278598607832866,0.6786917253095316,0.6102564102564103,0.5,0.0701303272929672,0.5,0.38974358974358975,0.24875777365634621,0.6906626184922491,0.005971787578017557,0.01197089318271749
438,195,5,IID,0.5128205128205128,regularized_logistic,0.5455789473684212,0.5703848560237231,0.25144722767174404,0.6960630010458723,0.5128205128205128,0.5,0.04210584032300446,0.5,0.5128205128205128,0.25042951038443145,0.6940103527280083,-0.0010177172873125917,-0.002052648317864003
439,195,5,IID,0.5230769230769231,regularized_logistic,0.46605523930002113,0.5323781766909087,0.250301532901842,0.6937502787006115,0.47692307692307695,0.5,0.028005916473125003,0.5,0.5230769230769231,0.24982635696384756,0.6927998869693919,-0.0004751759379944265,-0.0009503917312195798
440,195,5,IID,0.5025641025641026,regularized_logistic,0.5928887018725016,0.5824868850105964,0.24966207619473113,0.6924706957466075,0.5025641025641026,0.5,0.012222047129259339,0.5,0.5025641025641026,0.2500603328552239,0.6932678826184676,0.0003982566604927573,0.0007971868718601449
441,195,5,IID,0.5128205128205128,regularized_logistic,0.5686315789473684,0.5572848142194015,0.2508270289292968,0.6948021524753165,0.48717948717948717,0.5,0.03288913454690878,0.5,0.5128205128205128,0.2500697199119439,0.693286621577105,-0.0007573090173529362,-0.0015155308982115478
442,195,5,IID,0.5282051282051282,regularized_logistic,0.4915576192486281,0.5352184805305154,0.2515716745088939,0.6962920053612064,0.4717948717948718,0.5,0.04842407114225217,0.5,0.5282051282051282,0.25035980798565327,0.693866830139253,-0.0012118665232406234,-0.0024251752219534017
443,195,5,IID,0.5282051282051282,regularized_logistic,0.5682777543267202,0.578684467364206,0.249090361696561,0.6913267832618878,0.5282051282051282,0.5,0.008170504996265704,0.5,0.5282051282051282,0.24940485009605978,0.6919566193148422,0.00031448839949876906,0.0006298360529544134
444,195,5,IID,0.5128205128205128,regularized_logistic,0.5361052631578946,0.5442573123852114,0.2531672751355334,0.6995043023710741,0.48717948717948717,0.5,0.05788864806865279,0.5,0.5128205128205128,0.2505576367033918,0.6942627996159931,-0.00260963843214157,-0.005241502755080951
445,195,5,IID,0.4717948717948718,regularized_logistic,0.4665470662726889,0.4507167020308292,0.24995212046278728,0.6930601857739639,0.5282051282051282,0.5,0.0111247271194031,0.5,0.4717948717948718,0.2505954651409196,0.6943382512090625,0.000643344678132346,0.0012780654350985632
446,195,5,IID,0.517948717948718,regularized_logistic,0.6035390773119865,0.5893582718646597,0.24872677710122668,0.6905831199628394,0.517948717948718,0.5,0.03269941287089828,0.5,0.517948717948718,0.24978831836833343,0.692723790144611,0.0010615412671067526,0.0021406701817716645
447,195,5,IID,0.5538461538461539,regularized_logistic,0.4322051936994466,0.5296730502441522,0.2557130879381459,0.7046097252113727,0.46153846153846156,0.5116538952745849,0.08149456791236336,0.5,0.5538461538461539,0.2471123767292061,0.6873609263096121,-0.008600711208939793,-0.017248798901760565
448,195,5,IID,0.48205128205128206,regularized_logistic,0.5165367600589846,0.5056798934203968,0.25103381539306235,0.6952161287773952,0.48205128205128206,0.5,0.038335318731055945,0.5,0.48205128205128206,0.24978831836833343,0.692723790144611,-0.0012454970247289254,-0.0024923386327841968
449,195,5,IID,0.48205128205128206,regularized_logistic,0.5215925847903939,0.5057077156755707,0.2497211270044435,0.6925893643532274,0.517948717948718,0.5,0.007961994814417617,0.5,0.48205128205128206,0.25391014695297187,0.7009973501814106,0.004189019948528383,0.008407985828183251
450,195,5,IID,0.517948717948718,regularized_logistic,0.5684642932378344,0.5504502821346624,0.24931621447432847,0.691779368313266,0.517948717948718,0.5202759637665895,0.019123985345848336,0.5,0.517948717948718,0.25203273560899403,0.6972189009615939,0.002716521134665556,0.0054395326483278605
451,195,5,IID,0.49743589743589745,regularized_logistic,0.4752787713023353,0.4976520438227148,0.2561432105652605,0.7056025136650798,0.5025641025641026,0.5,0.07748128764291795,0.5,0.49743589743589745,0.25061234783248315,0.6943730213490528,-0.005530862732777364,-0.01122949231602699
452,195,5,IID,0.5282051282051282,regularized_logistic,0.5524482904178978,0.5798835429346643,0.2511730176731286,0.6954940114738642,0.4717948717948718,0.5,0.048365451011127714,0.5,0.5282051282051282,0.2514335751901492,0.6960158876604668,0.0002605575170205876,0.0005218761866025989
453,195,5,IID,0.558974358974359,regularized_logistic,0.555045871559633,0.6320232954431475,0.25380315255974645,0.700763252353698,0.441025641025641,0.5,0.08942947147304925,0.5,0.558974358974359,0.24798992642719156,0.6891249861933095,-0.005813226132554888,-0.011638266160388433
454,195,5,IID,0.5128205128205128,regularized_logistic,0.49105263157894735,0.5215561327183742,0.2525669700682767,0.6982961923538229,0.48717948717948717,0.5,0.05158351288567459,0.5,0.5128205128205128,0.25084870551437044,0.6948455842952859,-0.001718264553906279,-0.0034506080585370302
455,195,5,IID,0.49743589743589745,regularized_logistic,0.5603829160530192,0.548039039902104,0.25351208307095874,0.7002281048256275,0.5025641025641026,0.5,0.0633588387257703,0.5,0.49743589743589745,0.25032709339245773,0.6938016636657524,-0.0031849896785010046,-0.006426441159875118
456,195,5,IID,0.5487179487179488,regularized_logistic,0.5348343245539507,0.5872668891930569,0.24870395501758608,0.6905542335223834,0.5487179487179488,0.502017841971113,0.038071468292366774,0.5,0.5487179487179488,0.24850922681125537,0.6901643708345622,-0.00019472820633070764,-0.000389862687821263
457,195,5,IID,0.48205128205128206,regularized_logistic,0.48367389930482413,0.4657073363607822,0.250064335388324,0.6932758492388142,0.48205128205128206,0.4837792289867284,0.02025741996537716,0.5,0.48205128205128206,0.25104366207296336,0.6952356854170129,0.0009793266846393478,0.001959836178198615
458,195,5,IID,0.49230769230769234,regularized_logistic,0.4882154882154882,0.543252179721436,0.2509801688244436,0.6951151152877599,0.5076923076923077,0.5,0.032235280686447154,0.5,0.49230769230769234,0.24995350254553858,0.6930541839224873,-0.0010266662789049918,-0.0020609313652726335
459,195,5,IID,0.48717948717948717,regularized_logistic,0.5649473684210525,0.5308945999514926,0.2514635605420325,0.6960790312762114,0.48717948717948717,0.5,0.0486455002972202,0.5,0.48717948717948717,0.2498371450738093,0.6928214369277738,-0.0016264154682232024,-0.0032575943484376424
460,195,5,IID,0.5025641025641026,regularized_logistic,0.4982116557963392,0.49661235100624346,0.25017262648834926,0.6934926783356213,0.5025641025641026,0.5,0.012455145346897956,0.5,0.5025641025641026,0.24999588440610226,0.6931389495735193,-0.0001767420822469945,-0.00035372876210204574
461,195,5,IID,0.49743589743589745,regularized_logistic,0.4809593940669051,0.5012466272452333,0.2505087852005619,0.6941660782644176,0.5025641025641026,0.5,0.022014314062708595,0.5,0.49743589743589745,0.2500049211995118,0.693157022968554,-0.000503864001050125,-0.0010090552958635923
462,195,5,IID,0.49743589743589745,regularized_logistic,0.544393014937934,0.5641616848960097,0.2557969197278061,0.7048657993267806,0.49743589743589745,0.5,0.07756164358490658,0.5,0.49743589743589745,0.24999644482739908,0.69314007020889,-0.005800474900407027,-0.011725729117890604
463,195,5,IID,0.517948717948718,regularized_logistic,0.49346955972192963,0.5026607955282536,0.24976613052321436,0.6926799106069864,0.517948717948718,0.5,0.007215796013153031,0.5,0.517948717948718,0.2511685659694675,0.6954858874121643,0.001402435446253153,0.002805976805177912
464,195,5,IID,0.5282051282051282,regularized_logistic,0.5045377796538624,0.5363200529692578,0.249972424874531,0.6930920300352897,0.517948717948718,0.5140882228788518,0.028129443145870715,0.5,0.5282051282051282,0.25059546514091957,0.6943382512090626,0.0006230402663885692,0.0012462211737728213
465,195,5,IID,0.47692307692307695,regularized_logistic,0.43790849673202614,0.4307676770246756,0.24985494833925423,0.692860751562521,0.5230769230769231,0.5,0.016926538877571284,0.5,0.47692307692307695,0.25039861716045037,0.6939444777787358,0.000543668821196136,0.0010837262162147754
466,195,5,IID,0.5538461538461539,regularized_logistic,0.41677309493401454,0.5056462614563246,0.25978022439536835,0.7128165691948439,0.4461538461538462,0.5,0.10901813900116175,0.5,0.5538461538461539,0.2521702489846742,0.6974895440720325,-0.007609975410694136,-0.015327025122811477
467,195,5,IID,0.5128205128205128,regularized_logistic,0.46389473684210525,0.5042414290154456,0.2505128455641657,0.6941735697978748,0.5025641025641026,0.4928947368421053,0.009675203442613578,0.5,0.5128205128205128,0.2501818041712858,0.6935108066229192,-0.00033104139287987167,-0.0006627631749556162
468,195,5,IID,0.5128205128205128,regularized_logistic,0.4276842105263158,0.4769460487042446,0.2502841006477128,0.6937154202513646,0.48717948717948717,0.5,0.017696488787705966,0.5,0.5128205128205128,0.24983581407322952,0.6928187729015999,-0.0004482865744832587,-0.0008966473497646898
469,195,5,IID,0.47692307692307695,regularized_logistic,0.5259329538266919,0.5040086487767048,0.2517639869003314,0.6966787072998569,0.47692307692307695,0.5,0.04878448099616545,0.5,0.47692307692307695,0.2512386186315563,0.6956257865387399,-0.0005253682687751393,-0.001052920761117071
470,195,5,IID,0.5025641025641026,regularized_logistic,0.4726488533557752,0.47405292994591086,0.250883615104404,0.694916772515642,0.49743589743589745,0.5,0.027749533931510584,0.5,0.5025641025641026,0.24999343256292922,0.6931340456285303,-0.000890182541474771,-0.0017827268871116742
471,195,5,IID,0.48205128205128206,regularized_logistic,0.5109542869180536,0.48138543715808435,0.2542202340656627,0.7017446563121069,0.517948717948718,0.5,0.06778032710571417,0.5,0.48205128205128206,0.2505986875633758,0.6943448326289653,-0.0036215465022869098,-0.007399823683141626
472,195,5,IID,0.49230769230769234,regularized_logistic,0.4356060606060606,0.45929922753254543,0.250274324076281,0.6936959144502584,0.5025641025641026,0.4954229797979798,0.0026608129774850714,0.5,0.49230769230769234,0.2501697551134065,0.6934867199159392,-0.00010456896287447393,-0.0002091945343191126
473,195,5,IID,0.5333333333333333,regularized_logistic,0.4767540152155537,0.5207071021347646,0.25382804899149275,0.7008207036061482,0.4666666666666667,0.5,0.06841753286295332,0.5,0.5333333333333333,0.24955945632128956,0.6922660322818143,-0.004268592670203186,-0.008554671324333962
474,195,5,IID,0.5025641025641026,regularized_logistic,0.4357248053860719,0.46728406129013644,0.2500608419352194,0.6932689005272245,0.5025641025641026,0.5,0.0074582922310281186,0.5,0.5025641025641026,0.2506123478324831,0.6943730213490528,0.0005515058972637155,0.0011041208218283138
475,195,5,IID,0.5230769230769231,regularized_logistic,0.5037950664136622,0.5345852307397421,0.25661480096750555,0.7064697977241158,0.47692307692307695,0.5,0.08355746886985926,0.5,0.5230769230769231,0.2507258331450668,0.6945991759168596,-0.005888967822438751,-0.011870621807256176
476,195,5,IID,0.4512820512820513,regularized_logistic,0.5357901444350042,0.49578371281598344,0.25353843150675553,0.7002327995199422,0.4512820512820513,0.5,0.07844572093572505,0.5,0.4512820512820513,0.24882845679239377,0.6908035291642668,-0.00470997471436177,-0.009429270355675423
477,195,5,IID,0.5076923076923077,regularized_logistic,0.5348274410774411,0.54934787524808,0.2504010995599369,0.6939512477968401,0.5076923076923077,0.5,0.022357837864109498,0.5,0.5076923076923077,0.2502225047679592,0.6935922482517112,-0.00017859479197768202,-0.0003589995451289685
478,195,5,IID,0.49230769230769234,regularized_logistic,0.5688131313131313,0.5432985236765421,0.25338732099895295,0.6999557389432755,0.49230769230769234,0.5,0.06335365284733485,0.5,0.49230769230769234,0.2499812433997258,0.6931097094654176,-0.0034060775992271475,-0.00684602947785784
479,195,5,IID,0.517948717948718,regularized_logistic,0.4688224141563092,0.5000973619550155,0.24986883246994665,0.6928848406771069,0.517948717948718,0.5,0.012963889615694613,0.5,0.517948717948718,0.2498687388244112,0.6928846526204238,-9.364553543722565e-08,-1.8805668311472346e-07
480,195,5,IID,0.5230769230769231,regularized_logistic,0.49177735610373186,0.5225925301758642,0.24969719465860662,0.6925415144811714,0.5230769230769231,0.5,0.013444032662230931,0.5,0.5230769230769231,0.24976646193776175,0.6926800850848073,6.926727915512743e-05,0.00013857060363586804
481,195,5,IID,0.48717948717948717,regularized_logistic,0.4803157894736842,0.5041626495585252,0.2503539400218025,0.6938551826039161,0.5128205128205128,0.521578947368421,0.017883034827099846,0.5,0.48717948717948717,0.25233669410979703,0.6978317778346874,0.0019827540879945316,0.003976595230771318
482,195,5,IID,0.5025641025641026,regularized_logistic,0.5050494424573952,0.5013855219390243,0.250036372013822,0.6932201269630792,0.5025641025641026,0.5001577950767936,0.006937397336684758,0.5,0.5025641025641026,0.25001718041537724,0.6931815480074078,-1.91915984447677e-05,-3.8578955671386694e-05
483,195,5,IID,0.5025641025641026,regularized_logistic,0.5407111298127498,0.5433866742258595,0.2527622976634502,0.6987011737175107,0.49743589743589745,0.5,0.05793468255828105,0.5,0.5025641025641026,0.25143224418956944,0.6960215617440588,-0.0013300534738807657,-0.002679611973451901
484,195,5,IID,0.4666666666666667,regularized_logistic,0.49228655959425194,0.514259270501505,0.24907023484494328,0.6912878978098168,0.5333333333333333,0.5,0.008231629916828798,0.5,0.4666666666666667,0.24909409648703412,0.6913346741997431,2.3861642090838853e-05,4.677638992633959e-05
485,195,5,IID,0.5282051282051282,regularized_logistic,0.4562051498522583,0.524777953465913,0.25002563247502735,0.693212611393011,0.5282051282051282,0.5,0.02674661650970045,0.5,0.5282051282051282,0.2503598079856533,0.693866830139253,0.00033417551062597806,0.0006542187462419413
486,195,5,IID,0.48717948717948717,regularized_logistic,0.572,0.5479687357193579,0.24964163032478573,0.6924300572155991,0.5128205128205128,0.5,0.002144179026367543,0.5,0.48717948717948717,0.2513132947693429,0.695776648081719,0.0016716644445571582,0.0033465908661198807
487,195,5,IID,0.5435897435897435,regularized_logistic,0.49077803688785243,0.5468145319256233,0.25292553316151445,0.6990062809299953,0.4564102564102564,0.49459402162391347,0.06842393410348055,0.5,0.5435897435897435,0.24831497077928333,0.6897742908613556,-0.00461056238223112,-0.009231990068639728
488,195,5,IID,0.49743589743589745,regularized_logistic,0.4912686724174206,0.49324622865375894,0.25408043651356604,0.7013873621191319,0.5025641025641026,0.5,0.062141752661386385,0.5,0.49743589743589745,0.2501253417256423,0.6933979820030616,-0.003955094787923719,-0.00798938011607031
489,195,5,IID,0.5025641025641026,regularized_logistic,0.491899852724595,0.49461529646156577,0.25060540021849104,0.6943590378657947,0.49743589743589745,0.5,0.022661418611919337,0.5,0.5025641025641026,0.2505328380610123,0.6942137071683934,-7.25621574787505e-05,-0.00014533069740130244
490,195,5,IID,0.5333333333333333,regularized_logistic,0.48214285714285715,0.5528144911555175,0.24956739413224574,0.6922929049016205,0.5333333333333333,0.5,0.02123668122382838,0.5,0.5333333333333333,0.24984085786489998,0.6928288937313811,0.0002734637326542444,0.0005359888297605808
491,195,5,IID,0.5076923076923077,regularized_logistic,0.5154671717171716,0.5291249846962631,0.2527888820738783,0.6987518058447004,0.49230769230769234,0.5,0.0534669005689003,0.5,0.5076923076923077,0.25074474736383073,0.6946377672496504,-0.0020441347100475515,-0.004114038595049996
492,195,5,IID,0.4564102564102564,regularized_logistic,0.43311426754292986,0.4388616528162814,0.2506809822775069,0.6945101130883323,0.5230769230769231,0.502755988976044,0.03967138386991144,0.5,0.4564102564102564,0.2508751854206399,0.6948977534270759,0.00019420314313300935,0.00038764033874361115
493,195,5,IID,0.517948717948718,regularized_logistic,0.4649252159258479,0.5106675599861915,0.25007156357231664,0.693290307477779,0.4512820512820513,0.4511270275963767,0.050001957223887436,0.5,0.517948717948718,0.24986873882441124,0.6928846526204238,-0.00020282474790539462,-0.0004056548573552199
494,195,5,IID,0.49743589743589745,regularized_logistic,0.5095729013254786,0.5120719945224158,0.2532074912113256,0.6996094206323841,0.5025641025641026,0.5,0.05733114643153986,0.5,0.49743589743589745,0.2524606873216941,0.69808980758158,-0.0007468038896314977,-0.0015196130508040584
495,195,5,IID,0.517948717948718,regularized_logistic,0.5262270907941858,0.5634278143736864,0.2506989226311924,0.6945455744330172,0.48205128205128206,0.5,0.03312246705469413,0.5,0.517948717948718,0.2511685659694675,0.6954858874121643,0.0004696433382750942,0.0009403129791470954
496,195,5,IID,0.49230769230769234,regularized_logistic,0.5180976430976431,0.4892654679783925,0.2509678982038344,0.6950903916511124,0.5076923076923077,0.5,0.03242003951080086,0.5,0.49230769230769234,0.2506537489557775,0.694455483173559,-0.00031414924805689415,-0.0006349084775534308
497,195,5,IID,0.48205128205128206,regularized_logistic,0.5008426374552349,0.49387876569632666,0.24959513556370572,0.6923365009150757,0.5282051282051282,0.5106382978723404,0.008312298771626139,0.5,0.48205128205128206,0.2505011042050862,0.6941495610302354,0.0009059686413804835,0.0018130601151596926
498,195,5,IID,0.5025641025641026,regularized_logistic,0.49305701662108137,0.5121483772805551,0.25075734593600746,0.6946637297045989,0.49743589743589745,0.5,0.02816209815652293,0.5,0.5025641025641026,0.25021725081830276,0.6935818027652827,-0.0005400951177046975,-0.0010819269393161912
499,195,5,IID,0.47692307692307695,regularized_logistic,0.4741724646847987,0.48191604348751593,0.24952563526464763,0.6921984436081736,0.5230769230769231,0.5,0.006946113626204897,0.5,0.47692307692307695,0.2498917160975764,0.692930611030431,0.00036608083292877236,0.000732167422257346
500,195,5,IID,0.48205128205128206,regularized_logistic,0.4842005477143459,0.48451169322441395,0.25074069554845063,0.6946292723085551,0.48205128205128206,0.498525384453339,0.02946593167971731,0.5,0.48205128205128206,0.2508102466028837,0.6947682879548662,6.955105443307019e-05,0.00013901564631113583
501,195,5,IID,0.40512820512820513,regularized_logistic,0.5467044958533391,0.46146420071945626,0.2542077291094523,0.7015673725490148,0.40512820512820513,0.5,0.11493397345787137,0.5,0.40512820512820513,0.25757747386597873,0.7083271566800156,0.0033697447565264604,0.006759784131000757
502,195,5,IID,0.49743589743589745,regularized_logistic,0.4914790658531454,0.5344908500025916,0.25075337614286614,0.6946569508875284,0.5025641025641026,0.5,0.027458446610289067,0.5,0.49743589743589745,0.2500934677643919,0.6933341339616736,-0.0006599083784742388,-0.0013228169258547862
503,195,5,IID,0.4512820512820513,regularized_logistic,0.4913976210705182,0.4415186712318169,0.24982680328094845,0.692798203368993,0.517948717948718,0.5012213254035683,0.04197437589754493,0.5,0.4512820512820513,0.24776141464345822,0.6886659623257252,-0.0020653886374902286,-0.004132241043267815
504,195,5,IID,0.5076923076923077,regularized_logistic,0.4610690235690235,0.4821286052191107,0.2536286305709482,0.7004427843408904,0.49230769230769234,0.5,0.05747874652598428,0.5,0.5076923076923077,0.24998124339972583,0.6931097094654176,-0.0036473871712223715,-0.007333074875472745
505,195,5,IID,0.46153846153846156,regularized_logistic,0.47227513227513224,0.4675012459372362,0.26032593883705446,0.7139693673487043,0.46153846153846156,0.5,0.1083703608356974,0.5,0.46153846153846156,0.25182348830733503,0.6967960899039208,-0.00850245052971943,-0.017173277444783475
506,195,5,IID,0.5230769230769231,regularized_logistic,0.43632721905966687,0.49494879933254715,0.25001200414598157,0.6931723153850169,0.5230769230769231,0.5,0.0029168461991446737,0.5,0.5230769230769231,0.2496195615053617,0.6923862042066996,-0.0003924426406198833,-0.0007861111783172836
507,195,5,IID,0.5897435897435898,regularized_logistic,0.513804347826087,0.6069057208212845,0.25615665876512167,0.7054767279495052,0.41025641025641024,0.5,0.11966180830358836,0.5,0.5897435897435898,0.25377305389326427,0.7006971011211907,-0.0023836048718574032,-0.004779626828314565
508,195,5,IID,0.441025641025641,regularized_logistic,0.5075741412417324,0.448054321985319,0.25060845726323705,0.6943641717814117,0.4461538461538462,0.5021335609131641,0.06383272879494818,0.5,0.441025641025641,0.25138264690481066,0.6959129178537713,0.0007741896415736083,0.0015487460723595525
509,195,5,IID,0.49743589743589745,regularized_logistic,0.6040395539659161,0.6331077867508632,0.2502105641543721,0.6935683915287967,0.49743589743589745,0.5,0.017607621522238714,0.5,0.49743589743589745,0.2508836617927527,0.6949169994130185,0.000673097638380582,0.001348607884221864
510,195,5,IID,0.4307692307692308,regularized_logistic,0.4433719433719434,0.4185413203341819,0.25948603125129766,0.7121921379757563,0.4307692307692308,0.5,0.1193277982583133,0.5,0.4307692307692308,0.2477294005768837,0.6886039663476542,-0.01175663067441396,-0.023588171628102117
511,195,5,IID,0.5384615384615384,regularized_logistic,0.5972486772486773,0.6421523833927711,0.2506949121435395,0.6945371351406916,0.46153846153846156,0.5,0.0484636012143006,0.5,0.5384615384615384,0.2507819453273997,0.6947112526877381,8.703318386021897e-05,0.00017411754704654836
512,195,5,IID,0.48717948717948717,regularized_logistic,0.496421052631579,0.5188836569103301,0.2545930836440376,0.7023859814289124,0.48717948717948717,0.5,0.06886225147258612,0.5,0.48717948717948717,0.2499794920831736,0.6931061646895617,-0.004613591560863994,-0.009279816739350744
513,195,5,IID,0.441025641025641,regularized_logistic,0.4886921271602304,0.47218043105159546,0.2507504841234811,0.694648228696844,0.4358974358974359,0.47701088116065715,0.06997548993779353,0.5,0.441025641025641,0.2469965796787735,0.6871317875359856,-0.0037539044447076064,-0.007516441160858367
514,195,5,IID,0.4717948717948718,regularized_logistic,0.4918742085268046,0.47916356048334596,0.25481609703233893,0.70282653249079,0.4717948717948718,0.5,0.07469561167852878,0.5,0.4717948717948718,0.24986628698123817,0.692879752380906,-0.0049498100511007614,-0.009946780109883924
515,195,5,IID,0.4717948717948718,regularized_logistic,0.5136133389615872,0.47048006777226964,0.2553334750363667,0.7038638841191898,0.4717948717948718,0.5,0.07843105124836314,0.5,0.4717948717948718,0.2500473030600755,0.6932417867668745,-0.005286171976291221,-0.01062209735231523
516,195,5,IID,0.5487179487179488,regularized_logistic,0.5871920135938827,0.6234725810340306,0.2518685619374126,0.6968856238758431,0.4512820512820513,0.5,0.06835656184190148,0.5,0.5487179487179488,0.2519922451703068,0.6971333933629458,0.00012368323289418948,0.0002477694871027003
517,195,5,IID,0.4717948717948718,regularized_logistic,0.4880751371886872,0.4691569471968018,0.2510212099539152,0.6952380775998727,0.5282051282051282,0.5,0.04099636415263619,0.5,0.4717948717948718,0.24925822987430807,0.6916632697984594,-0.0017629800796071238,-0.0035748078014132822
518,195,5,IID,0.5487179487179488,regularized_logistic,0.47589209855564996,0.5349139593387706,0.24815169738285572,0.6894656875832891,0.5487179487179488,0.5,0.01754504467497775,0.5,0.5487179487179488,0.25391449021802137,0.7009871128067877,0.005762792835165648,0.011521425223498638
519,195,5,IID,0.5487179487179488,regularized_logistic,0.6340271877655055,0.6796677913069129,0.24748503412055936,0.6881147866400866,0.5846153846153846,0.5488530161427357,0.07496980519708243,0.5,0.5487179487179488,0.24894579500139227,0.6910383698863405,0.001460760880832912,0.002923583246253858
520,195,5,IID,0.5641025641025641,regularized_logistic,0.48299465240641704,0.554209606829668,0.26822565678314325,0.7300347435990954,0.4358974358974359,0.5,0.1492597417680241,0.5,0.5641025641025641,0.2498947283620462,0.6929366370929209,-0.018330928421097042,-0.03709810650617451
521,195,5,IID,0.5384615384615384,regularized_logistic,0.4861375661375661,0.5504277948034622,0.25141346891101934,0.6959755354071606,0.46153846153846156,0.5,0.05267367277080115,0.5,0.5384615384615384,0.2491166534442268,0.6913800742395546,-0.0022968154667925567,-0.0045954611676060075
522,195,5,IID,0.49743589743589745,regularized_logistic,0.4870608037029245,0.4991297438383638,0.25007458036348196,0.6932963524996996,0.49743589743589745,0.5,0.007607540350897279,0.5,0.49743589743589745,0.25109185830448033,0.6953347950389966,0.0010172779409983734,0.0020384425392970806
523,195,5,IID,0.5333333333333333,regularized_logistic,0.4453719357565512,0.5027542423644693,0.2490408030690608,0.6912292574973484,0.5333333333333333,0.5,0.01171070082630321,0.5,0.5333333333333333,0.24974159324272022,0.6926303556673282,0.0007007901736594269,0.0014010981699797975
524,195,5,IID,0.49230769230769234,regularized_logistic,0.46064814814814814,0.48200695202216953,0.2523314030679494,0.6978244094595676,0.49230769230769234,0.5,0.04784858465790087,0.5,0.49230769230769234,0.2503443963999937,0.6938361460531767,-0.001987006667955704,-0.003988263406390913
525,195,5,IID,0.5025641025641026,regularized_logistic,0.4909530822638334,0.50030927807631,0.2500506353802091,0.6932484793535134,0.5025641025641026,0.5,0.007349260344219455,0.5,0.5025641025641026,0.2500631349617075,0.6932734576120301,1.2499581498404133e-05,2.4978258516661356e-05
526,195,5,IID,0.48205128205128206,regularized_logistic,0.4983147250895302,0.47338289370478354,0.2509094770435334,0.6949843470777995,0.517948717948718,0.5,0.03295857890076348,0.5,0.48205128205128206,0.2496968996443077,0.6925409080059867,-0.0012125773992257005,-0.0024434390718128807
527,195,5,IID,0.48717948717948717,regularized_logistic,0.4156842105263157,0.45803427517797274,0.2500510609469842,0.6932499063532874,0.5128205128205128,0.5,0.006940758022468352,0.5,0.48717948717948717,0.2499425743302528,0.6930323283294806,-0.00010848661673140692,-0.00021757802380684144
528,195,5,IID,0.48717948717948717,regularized_logistic,0.4970526315789473,0.5157293144547872,0.2499222262706039,0.6929917046059793,0.517948717948718,0.5063157894736842,0.012474793083032912,0.5,0.48717948717948717,0.24987392272140582,0.692895078686651,-4.8303549198075446e-05,-9.66259193282415e-05
529,195,5,IID,0.5538461538461539,regularized_logistic,0.5202213707960834,0.5807589013993579,0.25100411392963107,0.6951556660309551,0.4512820512820513,0.5046296296296297,0.06353226014454438,0.5,0.5538461538461539,0.24973914139954714,0.6926254591332819,-0.0012649725300839243,-0.0025302068976732484
530,195,5,IID,0.5282051282051282,regularized_logistic,0.43731532292106373,0.5207185013016287,0.24993383308914005,0.6930268152528025,0.5282051282051282,0.5,0.026809123006264923,0.5,0.5282051282051282,0.25098993168114136,0.6951276172289247,0.0010560985920013144,0.0021008019761221686
531,195,5,IID,0.5487179487179488,regularized_logistic,0.45337723024638904,0.5482093781530779,0.25593039604435514,0.7050420097740215,0.4512820512820513,0.5,0.08932579399565099,0.5,0.5487179487179488,0.25244002178637787,0.6980302478997062,-0.003490374257977269,-0.007011761874315292
532,195,5,IID,0.4717948717948718,regularized_logistic,0.517728999577881,0.4660261280223409,0.24920788046125558,0.6915621158698485,0.5282051282051282,0.5,0.003122813875352959,0.5,0.4717948717948718,0.2500473030600755,0.6932417867668745,0.0008394225988199167,0.001679670897026031
533,195,5,IID,0.5076923076923077,regularized_logistic,0.5207281144781145,0.5162026760885086,0.2513475337997617,0.6958465226113013,0.49230769230769234,0.5,0.03761691830773406,0.5,0.5076923076923077,0.24995350254553858,0.6930541839224874,-0.0013940312542231326,-0.0027923386888139
534,195,5,IID,0.558974358974359,regularized_logistic,0.49231918071260933,0.5565871069312752,0.2536071411778143,0.7003681589328679,0.441025641025641,0.5,0.08405493716354673,0.5,0.558974358974359,0.24774754421636463,0.6886392547266624,-0.005859596961449665,-0.011728904206205426
535,195,5,IID,0.5384615384615384,regularized_logistic,0.5006349206349205,0.5397602050640253,0.24855522751801665,0.6902551747269469,0.5384615384615384,0.5,0.001467778786223728,0.5,0.5384615384615384,0.2507819453273998,0.6947112526877381,0.002226717809383133,0.004456077960791283
536,195,5,IID,0.49743589743589745,regularized_logistic,0.5025247212286976,0.5269803098741079,0.25000260089474863,0.6931522347010441,0.5128205128205128,0.5110456553755522,0.007823227554372895,0.5,0.49743589743589745,0.25170797146755075,0.6965730702817928,0.001705370572802123,0.0034208355807486823
537,195,5,IID,0.4564102564102564,regularized_logistic,0.4307822768708925,0.40870769172179056,0.2541379028349331,0.7014378218987473,0.4564102564102564,0.5,0.07353119614846809,0.5,0.4564102564102564,0.2491787901554994,0.6915045257949318,-0.0049591126794336915,-0.009933296103815437
538,195,5,IID,0.47692307692307695,regularized_logistic,0.44244149272612276,0.4448514883157556,0.25266993621591,0.6985879388132021,0.5230769230769231,0.5,0.046491108131299974,0.5,0.47692307692307695,0.2498917160975764,0.692930611030431,-0.002778220118333591,-0.005657327782771171
539,195,5,IID,0.5538461538461539,regularized_logistic,0.4729672200936568,0.5285329815158222,0.25218031285575654,0.6975098270725386,0.4358974358974359,0.4885057471264368,0.07905269926099767,0.5,0.5538461538461539,0.24868435846647724,0.690515256626623,-0.003495954389279299,-0.00699457044591556
540,195,5,IID,0.49743589743589745,regularized_logistic,0.5310330317694087,0.5183190635189958,0.2513480198543576,0.6958494789884675,0.49743589743589745,0.5,0.03787918057126405,0.5,0.49743589743589745,0.2508836617927527,0.6949169994130185,-0.0004643580616049414,-0.0009324795754489523
541,195,5,IID,0.48717948717948717,regularized_logistic,0.47347368421052627,0.4680988939697627,0.2517797131511452,0.6967148363692803,0.4666666666666667,0.47605263157894734,0.05371996349794614,0.5,0.48717948717948717,0.2502460424624211,0.6936393058702048,-0.0015336706887241203,-0.003075530499075496
542,195,5,IID,0.4717948717948718,regularized_logistic,0.4661249472351203,0.4547718604654175,0.24955219462219985,0.6922516835311554,0.5282051282051282,0.5,0.007986434464697378,0.5,0.4717948717948718,0.2514335751901492,0.6960158876604668,0.0018813805679493423,0.0037642041293114437
543,195,5,IID,0.5128205128205128,regularized_logistic,0.47221052631578947,0.5140992176003636,0.2507679711666911,0.6946920418830307,0.5128205128205128,0.5,0.0232561451951504,0.5,0.5128205128205128,0.2499794920831736,0.6931061646895617,-0.0007884790835174793,-0.0015858771934690319
544,195,5,IID,0.5743589743589743,regularized_logistic,0.5579819277108433,0.6229749450704564,0.2522382300647393,0.6976249016758368,0.4256410256410256,0.5,0.0893717728208297,0.5,0.5743589743589743,0.2508938194287556,0.6949349006882543,-0.0013444106359836727,-0.0026900009875825415
545,195,5,IID,0.558974358974359,regularized_logistic,0.4725837422658417,0.5707273241733366,0.24951178683814879,0.6921706841141212,0.5487179487179488,0.4908256880733945,0.05380029982805715,0.5,0.558974358974359,0.25340128441555937,0.6999554073217942,0.0038894975774105833,0.007784723207672983
546,195,5,IID,0.5487179487179488,regularized_logistic,0.5670135938827529,0.6054349753024006,0.2519606311790081,0.6970707214415706,0.4461538461538462,0.4943181818181818,0.07928267081110262,0.5,0.5487179487179488,0.2517765530237355,0.6967015365330946,-0.000184078155272549,-0.000369184908475928
547,195,5,IID,0.49230769230769234,regularized_logistic,0.4484427609427609,0.4618922435852316,0.25147318779979316,0.6960994298965445,0.5076923076923077,0.5009469696969697,0.01628915379236629,0.5,0.49230769230769234,0.25022250476795926,0.6935922482517112,-0.001250683031833899,-0.002507181644833323
548,195,5,IID,0.5435897435897435,regularized_logistic,0.4384142463430146,0.5039984064071449,0.2503764525664754,0.6939159597889355,0.5487179487179488,0.5065189739241043,0.020300319423922422,0.5,0.5435897435897435,0.24862565433564673,0.6903971664370806,-0.0017507982308286596,-0.0035187933518548986
549,195,5,IID,0.49230769230769234,regularized_logistic,0.5197811447811448,0.5118710909325419,0.2524196161530287,0.6980031837393736,0.49230769230769234,0.5,0.05168762449293418,0.5,0.49230769230769234,0.25226292865661765,0.6976865777154085,-0.0001566874964110676,-0.00031660602396510473
550,195,5,IID,0.5230769230769231,regularized_logistic,0.5683111954459203,0.5776211791217554,0.25323240460209395,0.6996276813694441,0.47692307692307695,0.5,0.06344065643202773,0.5,0.5230769230769231,0.24971203101931883,0.6925712041903455,-0.003520373582775127,-0.00705647717909863
551,195,5,IID,0.5282051282051282,regularized_logistic,0.5119248628113128,0.5495064470628426,0.24921220522180543,0.6915707390012619,0.5282051282051282,0.5,0.00331938191811032,0.5,0.5282051282051282,0.24970712733297262,0.6925614105793626,0.0004949221111671953,0.0009906715781007325
552,195,5,IID,0.5230769230769231,regularized_logistic,0.523192072527936,0.5525411942089056,0.2540596594661947,0.7012936152912493,0.47692307692307695,0.5,0.06807229577442458,0.5,0.5230769230769231,0.24946824775525,0.6920833011686589,-0.004591411710944682,-0.009210314122590435
553,195,5,IID,0.558974358974359,regularized_logistic,0.4961595903563047,0.5606100144638093,0.2513232248689738,0.6957943411996038,0.441025641025641,0.49509280989972265,0.06868079211585049,0.5,0.558974358974359,0.24917801957621644,0.6915031025104863,-0.0021452052927573573,-0.004291238689117516
554,195,5,IID,0.5743589743589743,regularized_logistic,0.5273235800344234,0.6181077243131015,0.24446728090881414,0.6820417672033069,0.5743589743589743,0.5,0.024550307848844377,0.5,0.5743589743589743,0.2514346259800804,0.6960167578631029,0.006967345071266229,0.013974990659796016
555,195,5,IID,0.5076923076923077,regularized_logistic,0.5168350168350168,0.5201022211720244,0.25010204159904165,0.6933512714442869,0.49230769230769234,0.5,0.01270331794902363,0.5,0.5076923076923077,0.2502225047679592,0.6935922482517112,0.0001204631689175617,0.00024097680742429795
556,195,5,IID,0.4717948717948718,regularized_logistic,0.5220557197129589,0.5098359434956999,0.25196218406052306,0.6970750986728539,0.4717948717948718,0.5,0.053238049252815944,0.5,0.4717948717948718,0.25192639566794334,0.6970033675143684,-3.5788392579727546e-05,-7.17311584854663e-05
557,195,5,IID,0.5025641025641026,regularized_logistic,0.44876919840100993,0.4934921339716015,0.2503606522681991,0.6938684899035252,0.47692307692307695,0.47543656637912896,0.02875033442245828,0.5,0.5025641025641026,0.2500603328552239,0.6932678826184675,-0.0003003194129752029,-0.0006006072850577304
558,195,5,IID,0.49743589743589745,regularized_logistic,0.4651798863875447,0.4851568484230746,0.25033131978181966,0.6938101242504232,0.49743589743589745,0.5,0.017508551306422926,0.5,0.49743589743589745,0.25038348578543923,0.6939149930132862,5.2166003619569246e-05,0.0001048687628629752
559,195,5,IID,0.4666666666666667,regularized_logistic,0.45974218089602703,0.4564546386783933,0.2500608855843301,0.693268952152097,0.4717948717948718,0.4697802197802198,0.03331604405321308,0.5,0.4666666666666667,0.25198552011474634,0.6971211913636521,0.001924634530416247,0.0038522392115550863
560,195,5,IID,0.5487179487179488,regularized_logistic,0.5290994052676296,0.5892580729956868,0.24811882770875812,0.6893819768204241,0.5487179487179488,0.5,0.023630678995734566,0.5,0.5487179487179488,0.25116226122987956,0.6954720786478874,0.003043433521121436,0.006090101827463279
561,195,5,IID,0.5128205128205128,regularized_logistic,0.5186315789473683,0.525241958596341,0.24999467861004818,0.6931365377890759,0.49743589743589745,0.49868421052631584,0.012839332781847922,0.5,0.5128205128205128,0.2503157448611993,0.693778748991049,0.00032106625115110865,0.000642211201973053
562,195,5,IID,0.4307692307692308,regularized_logistic,0.50997425997426,0.4582503881175328,0.24715128828527974,0.6874454817933802,0.5692307692307692,0.5,0.04414427009147642,0.5,0.4307692307692308,0.25011511403697734,0.6933774088441874,0.0029638257516975963,0.005931927050807251
563,195,5,IID,0.48205128205128206,regularized_logistic,0.42363598061933855,0.4525252662133704,0.2501757005855511,0.6934986771992092,0.5128205128205128,0.49504950495049505,0.013011343618011581,0.5,0.48205128205128206,0.2509242222841021,0.6949964891084269,0.0007485216985509968,0.0014978119092177167
564,195,5,IID,0.49743589743589745,regularized_logistic,0.5579633915421839,0.5509314219311063,0.25101778539231456,0.6951851729378193,0.49743589743589745,0.5,0.038232255404939686,0.5,0.49743589743589745,0.2500603328552239,0.6932678826184676,-0.000957452537090675,-0.0019172903193517277
565,195,5,IID,0.5743589743589743,regularized_logistic,0.4685886402753873,0.5601439377568774,0.24608733036758085,0.6853114391555964,0.5743589743589743,0.5,0.03941200238799414,0.5,0.5743589743589743,0.24810796516281125,0.6893621664760475,0.0020206347952304027,0.004050727320451086
566,195,5,IID,0.49230769230769234,regularized_logistic,0.4289772727272727,0.4467153892894773,0.25055631480537544,0.6942627946516127,0.5076923076923077,0.5,0.022422850932134142,0.5,0.49230769230769234,0.24994089306636266,0.6930289620531422,-0.0006154217390127725,-0.0012338325984704301
567,195,5,IID,0.5230769230769231,regularized_logistic,0.4969428631667721,0.5115786908462902,0.25294046532508413,0.6990405336468238,0.47692307692307695,0.5,0.057848499508514395,0.5,0.5230769230769231,0.2521717200905781,0.6974964118963636,-0.0007687452345060408,-0.001544121750460259
568,195,5,IID,0.5025641025641026,regularized_logistic,0.560593309488744,0.583918224152856,0.2497752745081899,0.6926961292027354,0.5025641025641026,0.5,0.017337874903027517,0.5,0.5025641025641026,0.24999644482739908,0.6931400702088899,0.00022117031920917962,0.0004439410061545246
569,195,5,IID,0.48717948717948717,regularized_logistic,0.5290526315789474,0.49966470548125963,0.25211540260440496,0.6973868812702355,0.48717948717948717,0.5,0.04782456897142079,0.5,0.48717948717948717,0.24984954439499882,0.69284624529436,-0.002265858209406141,-0.004540635975875507
570,195,5,IID,0.48717948717948717,regularized_logistic,0.522,0.4890534245818124,0.24983943114481122,0.6928259457897951,0.5128205128205128,0.5,0.007259954043608852,0.5,0.48717948717948717,0.24984954439499887,0.6928462452943598,1.011325018765441e-05,2.0299504564724735e-05
571,195,5,IID,0.5025641025641026,regularized_logistic,0.5095729013254786,0.5453393940970881,0.2509870201238657,0.6951259500000788,0.5025641025641026,0.5,0.03257715916897819,0.5,0.5025641025641026,0.2502638358385917,0.693675280930105,-0.0007231842852740145,-0.00145066906997382
572,195,5,IID,0.5230769230769231,regularized_logistic,0.45857052498418727,0.4956843433947845,0.2528657243498863,0.6988901951159453,0.47692307692307695,0.5,0.058156373697445585,0.5,0.5230769230769231,0.24948400960422001,0.692114876443197,-0.0033817147456662866,-0.006775318672748276
573,195,5,IID,0.4717948717948718,regularized_logistic,0.4625369354157873,0.46799140805716893,0.25461733293898514,0.7024129921976772,0.4717948717948718,0.5,0.0733139446475739,0.5,0.4717948717948718,0.2528570452837921,0.6988706495829492,-0.001760287655193038,-0.003542342614727967
574,195,5,IID,0.49743589743589745,regularized_logistic,0.5042078687144961,0.5080154086182245,0.2507831313123053,0.6947154388133555,0.49743589743589745,0.5,0.027947938432169694,0.5,0.49743589743589745,0.2500901052366116,0.6933274594773885,-0.000693026075693659,-0.0013879793359670156
575,195,5,IID,0.47692307692307695,regularized_logistic,0.5144423360742145,0.47239269442105036,0.25284811313304073,0.6988549733021204,0.47692307692307695,0.5,0.058276992576184294,0.5,0.47692307692307695,0.24950166287506634,0.6921503281028965,-0.0033464502579743927,-0.00670464519922398
576,195,5,IID,0.5230769230769231,regularized_logistic,0.46805819101834284,0.5313888729570734,0.25413538168008554,0.7014464646019539,0.47692307692307695,0.5,0.06783819301252225,0.5,0.5230769230769231,0.2505022250476795,0.6941517504697247,-0.0036331566324060427,-0.007294714132229263
577,195,5,IID,0.5128205128205128,regularized_logistic,0.5781052631578948,0.5780326008443148,0.25102915563443456,0.6952182862097268,0.5128205128205128,0.5,0.037562829327892566,0.5,0.5128205128205128,0.24983994718029276,0.6928270434125836,-0.0011892084541418046,-0.0023912427971432004
578,195,5,IID,0.47692307692307695,regularized_logistic,0.4831330381615011,0.5005614602729508,0.25287102187953603,0.6989008380270172,0.47692307692307695,0.5,0.058199592885882334,0.5,0.47692307692307695,0.25084583335522487,0.6948393446912807,-0.002025188524311161,-0.004061493335736466
579,195,5,IID,0.48205128205128206,regularized_logistic,0.5370760480303349,0.5317933628792813,0.25484046110608083,0.702877448256753,0.48205128205128206,0.5,0.07302430159903078,0.5,0.48205128205128206,0.2498687388244112,0.6928846526204238,-0.004971722281669616,-0.009992795636329266
580,195,5,IID,0.5025641025641026,regularized_logistic,0.5079949505575425,0.5190848826734329,0.24991089421972573,0.6929689341501438,0.517948717948718,0.5157795076793604,0.011766464457319672,0.5,0.5025641025641026,0.25199266548627935,0.6971462240840665,0.0020817712665536225,0.004177289933922634
581,195,5,IID,0.5333333333333333,regularized_logistic,0.5470202874049027,0.5630070357681336,0.2556082960164083,0.7044085320204734,0.4666666666666667,0.5,0.08347313521036093,0.5,0.5333333333333333,0.24892561983471068,0.6909970248296599,-0.0066826761816976,-0.01341150719081352
582,195,5,IID,0.5076923076923077,regularized_logistic,0.5528198653198654,0.5924024673386864,0.255347455231306,0.7039961183184553,0.5076923076923077,0.5,0.08127380256720378,0.5,0.5076923076923077,0.2504881444625997,0.6941238717621239,-0.004859310768706271,-0.009872246556331454
583,195,5,IID,0.4666666666666667,regularized_logistic,0.5198647506339814,0.46579632140274707,0.248983309638214,0.6911132397073871,0.5333333333333333,0.5,0.011769520740489425,0.5,0.4666666666666667,0.2504191425904424,0.6939855046446977,0.0014358329522284052,0.0028722649373105202
584,195,5,IID,0.5435897435897435,regularized_logistic,0.5072079711681152,0.5431063551058193,0.24891081806954782,0.6909682258166824,0.5435897435897435,0.5,0.028564213395809168,0.5,0.5435897435897435,0.25360086444985014,0.7003590774992556,0.004690046380302321,0.009390851682573254
585,195,5,IID,0.5948717948717949,regularized_logistic,0.49421649934526407,0.6013496329544685,0.2699681616125433,0.7334339845187707,0.40512820512820513,0.5,0.1701288987860347,0.5,0.5948717948717949,0.24726712305976017,0.6876797098346964,-0.022701038552783104,-0.045754274684074336
586,195,5,IID,0.5538461538461539,regularized_logistic,0.42454235845040444,0.5040971438884834,0.24913475760496923,0.6914165357800236,0.5538461538461539,0.5,0.04369624396581684,0.5,0.5538461538461539,0.25171042331072396,0.6965689799171442,0.002575665705754737,0.005152444137120571
587,195,5,IID,0.5435897435897435,regularized_logistic,0.48876404494382025,0.5373820180537945,0.24874584356713503,0.690654512711008,0.5435897435897435,0.5,0.021250103002702248,0.5,0.5435897435897435,0.24907294058308335,0.6912927131742347,0.0003270970159483244,0.0006382004632267124
588,195,5,IID,0.48205128205128206,regularized_logistic,0.45502422582683794,0.44530897409713477,0.253133222622466,0.6994329806299965,0.48205128205128206,0.5,0.04881849234779018,0.5,0.48205128205128206,0.2509242222841021,0.6949964891084269,-0.002209000338363909,-0.004436491521569552
589,195,5,IID,0.5128205128205128,regularized_logistic,0.5592631578947368,0.5952877335836572,0.2488069351236671,0.690758825375654,0.5333333333333333,0.5244736842105263,0.022082340877104086,0.5,0.5128205128205128,0.24988513114734012,0.6929174340956964,0.0010781960236730115,0.0021586087200423654
590,195,5,IID,0.5897435897435898,regularized_logistic,0.5104347826086957,0.5954098051428245,0.2421579985061188,0.6773866905553751,0.5897435897435898,0.5,0.015078826787317534,0.5,0.5897435897435898,0.2517143462598007,0.6965762600811165,0.009556347753681915,0.019189569525741357
591,195,5,IID,0.5025641025641026,regularized_logistic,0.5191458026509573,0.545918803857756,0.25764473623632456,0.7086573292203142,0.49743589743589745,0.5,0.08773312152336238,0.5,0.5025641025641026,0.2515738206196508,0.6963032077920158,-0.006070915616673778,-0.012354121428298392
592,195,5,IID,0.5076923076923077,regularized_logistic,0.4325547138047138,0.4608854208971258,0.25044023001007815,0.6940296201544731,0.5076923076923077,0.5,0.017544717780119234,0.5,0.5076923076923077,0.24994446575212922,0.693036108601141,-0.0004957642579489219,-0.0009935115533321603
593,195,5,IID,0.5025641025641026,regularized_logistic,0.5102040816326532,0.5423377501934264,0.2509481934876674,0.6950465924985518,0.49743589743589745,0.5,0.032647635230468874,0.5,0.5025641025641026,0.250038266266666,0.6932237152245511,-0.0009099272210014164,-0.001822877274000767
594,195,5,IID,0.5128205128205128,regularized_logistic,0.5369473684210526,0.5434706293480475,0.2490515307503888,0.6912482469174933,0.5128205128205128,0.5126315789473684,0.01196974898688771,0.5,0.5128205128205128,0.25084870551437044,0.6948455842952859,0.0017971747639816404,0.0035973373777925532
595,195,5,IID,0.5282051282051282,regularized_logistic,0.46696918531025755,0.5072507413497539,0.2502497739283103,0.6936469402381263,0.48205128205128206,0.4667581257914732,0.024206833328710695,0.5,0.5282051282051282,0.25128022991283694,0.6957087905265997,0.0010304559845266126,0.002061850288473388
596,195,5,IID,0.5333333333333333,regularized_logistic,0.511411665257819,0.5405624489215537,0.24902575009420175,0.6911978225536962,0.5333333333333333,0.5,0.013546487607060786,0.5,0.5333333333333333,0.24919973590146388,0.6915462069911527,0.00017398580726213364,0.0003483844374564393
597,195,5,IID,0.5025641025641026,regularized_logistic,0.49316221333894383,0.5125049497113193,0.2539308569635721,0.7010649354764863,0.49743589743589745,0.5,0.06263470761227669,0.5,0.5025641025641026,0.25069732171159664,0.6945433343415137,-0.00323353525197545,-0.006521601134972577
598,195,5,IID,0.441025641025641,regularized_logistic,0.48122466396415614,0.4829053774171869,0.2556319372257682,0.7044341092535745,0.441025641025641,0.5,0.09401260274612577,0.5,0.441025641025641,0.24917801957621646,0.6915031025104863,-0.006453917649551749,-0.012931006743088225
599,195,5,IID,0.5487179487179488,regularized_logistic,0.5056287170773152,0.5586406492157545,0.2530850557129488,0.6993231715956494,0.4512820512820513,0.5,0.07377054666415989,0.5,0.5487179487179488,0.25136156105352203,0.6958708923563307,-0.001723494659426783,-0.0034522792393186785
600,195,5,IID,0.4666666666666667,regularized_logistic,0.42402789518174133,0.4188437599841487,0.24903428469435177,0.6912151191075407,0.5333333333333333,0.5,0.003381991629975656,0.5,0.4666666666666667,0.2540983084033422,0.7013633964216495,0.005064023708990423,0.010148277314108722
601,195,5,IID,0.47692307692307695,regularized_logistic,0.48471431583386043,0.4818062442522262,0.24997693080156902,0.6931011329594937,0.5282051282051282,0.5167615433270082,0.022020215279245286,0.5,0.47692307692307695,0.24954894842197628,0.692244891852486,-0.00042798237959273955,-0.0008562411070076603
602,195,5,IID,0.49230769230769234,regularized_logistic,0.4793771043771044,0.47857603981807073,0.25130871212341027,0.6957692484807183,0.49230769230769234,0.4998421717171717,0.027419472635655515,0.5,0.49230769230769234,0.25008064812722963,0.6933084808755829,-0.0012280639961806394,-0.002460767605135361
603,195,5,IID,0.5128205128205128,regularized_logistic,0.46631578947368424,0.4881740604044826,0.25942176367615954,0.712247392709108,0.48717948717948717,0.5,0.09782665057749829,0.5,0.5128205128205128,0.25074621846973455,0.6946403383993403,-0.008675545206424995,-0.017607054309767722
604,195,5,IID,0.41025641025641024,regularized_logistic,0.5078260869565216,0.431074447852321,0.25511717378330123,0.7033906158671777,0.41025641025641024,0.5,0.11479593013903366,0.5,0.41025641025641024,0.2513903526976405,0.6959280951841889,-0.0037268210856607475,-0.007462520682988805
605,195,5,IID,0.5128205128205128,regularized_logistic,0.49305263157894735,0.5479831518818027,0.25318463997193147,0.6995393665231171,0.48717948717948717,0.5,0.05795607328939323,0.5,0.5128205128205128,0.24987392272140582,0.692895078686651,-0.0033107172505256466,-0.0066442878364660896
606,195,5,IID,0.4717948717948718,regularized_logistic,0.5068594343604896,0.5001892100541553,0.25608336881797855,0.7053758162728782,0.4717948717948718,0.5,0.08333246522326854,0.5,0.4717948717948718,0.2503598079856533,0.6938668301392531,-0.005723560832325225,-0.011508986133625054
607,195,5,IID,0.5076923076923077,regularized_logistic,0.5324074074074074,0.5342757264147696,0.25152748981084166,0.6962234068897998,0.5076923076923077,0.5,0.04610230675276816,0.5,0.5076923076923077,0.24994446575212922,0.693036108601141,-0.00158302405871244,-0.003187298288658824
608,195,5,IID,0.5333333333333333,regularized_logistic,0.5202874049027896,0.5565008725304814,0.25501565083963124,0.7032111068482861,0.4666666666666667,0.5,0.0783235825107308,0.5,0.5333333333333333,0.24904947294128352,0.6912452865995944,-0.005966177898347719,-0.01196582024869175
609,195,5,IID,0.5282051282051282,regularized_logistic,0.48765301815111856,0.576351448229165,0.25259422392099007,0.6983429709863697,0.4717948717948718,0.5,0.058201364672315126,0.5,0.5282051282051282,0.24978397510328387,0.69271512131836,-0.0028102488177061957,-0.005627849668009666
610,195,5,IID,0.5538461538461539,regularized_logistic,0.5505534269902087,0.5910698164467452,0.2488275663773049,0.6908018653582637,0.5487179487179488,0.49537037037037035,0.04423808768071325,0.5,0.5538461538461539,0.2473256870852664,0.6877908056920556,-0.001501879292038516,-0.0030110596662080713
611,195,5,IID,0.47692307692307695,regularized_logistic,0.4848197343453511,0.46861692626337625,0.2495383690366142,0.6922239909674763,0.5230769230769231,0.5,0.006919681259556165,0.5,0.47692307692307695,0.25084583335522487,0.6948393446912807,0.0013074643186106738,0.0026153537238043922
612,195,5,IID,0.5282051282051282,regularized_logistic,0.4754115660616294,0.4980697824615838,0.2539120886258923,0.7009920307076694,0.4717948717948718,0.5,0.06819618449919623,0.5,0.5282051282051282,0.25128022991283694,0.6957087905265998,-0.0026318587130553794,-0.005283240181069515
613,195,5,IID,0.5230769230769231,regularized_logistic,0.489247311827957,0.5263904939605111,0.2522864926699399,0.6977267866454154,0.47692307692307695,0.5,0.0531005392832099,0.5,0.5230769230769231,0.24947329154692033,0.6920934067621084,-0.002813201123019582,-0.0056333798833070325
614,195,5,IID,0.48205128205128206,regularized_logistic,0.50821571518854,0.5041551218502148,0.25197592349613596,0.6971056783624342,0.48205128205128206,0.5,0.04817856619382349,0.5,0.48205128205128206,0.2497983358990121,0.6927443374132818,-0.002177587597123859,-0.004361340949152415
615,195,5,IID,0.47692307692307695,regularized_logistic,0.5690491250263546,0.5411612973029315,0.2512659727369633,0.6956805580240819,0.47692307692307695,0.5,0.049302809512697665,0.5,0.47692307692307695,0.25234636137716526,0.6978469362691263,0.0010803886402019902,0.002166378245044398
616,195,5,IID,0.5128205128205128,regularized_logistic,0.44294736842105265,0.4829329790803131,0.2519993328952697,0.6971536808753516,0.48717948717948717,0.5,0.042862162356199884,0.5,0.5128205128205128,0.24984394018203182,0.6928350393766382,-0.0021553927132378914,-0.004318641498713416
617,195,5,IID,0.5384615384615384,regularized_logistic,0.4703703703703704,0.5474606942349698,0.24856422863830774,0.6902731374838923,0.5384615384615384,0.5,0.0034135972164491823,0.5,0.5384615384615384,0.25033493929061174,0.693817074781774,0.0017707106523039973,0.0035439372978817163
618,195,5,IID,0.49230769230769234,regularized_logistic,0.46201599326599324,0.49300209772763237,0.2510378036741763,0.6952251374648386,0.49230769230769234,0.5,0.03275398017121467,0.5,0.49230769230769234,0.2501224695664967,0.6933921321174747,-0.0009153341076795773,-0.0018330053473638586
619,195,5,IID,0.5025641025641026,regularized_logistic,0.4385651167683568,0.44100474186397554,0.2518845522828362,0.6969332570750345,0.5025641025641026,0.5,0.03724731860526942,0.5,0.5025641025641026,0.25016604232231576,0.6934794555693808,-0.0017185099605204202,-0.003453801505653664
620,195,5,IID,0.48205128205128206,regularized_logistic,0.4606066989677691,0.4547810789089338,0.2498702081990415,0.6928880378701163,0.517948717948718,0.5,0.0017160011073647508,0.5,0.48205128205128206,0.2521958882589987,0.6975464993480653,0.0023256800599572025,0.004658461477949016
621,195,5,IID,0.517948717948718,regularized_logistic,0.48262060248578054,0.5072284389570259,0.2529944583609912,0.6992267299408077,0.517948717948718,0.5,0.05724547472772645,0.5,0.517948717948718,0.25003035031584997,0.6932078812475464,-0.002964108045141245,-0.006018848693261303
622,195,5,IID,0.49230769230769234,regularized_logistic,0.499263468013468,0.5123841238769211,0.2507112150617055,0.6945705912046148,0.49230769230769234,0.5,0.027745640845022068,0.5,0.49230769230769234,0.24995350254553864,0.6930541839224874,-0.0007577125161668807,-0.00151640728212743
623,195,5,IID,0.5282051282051282,regularized_logistic,0.5178345293372731,0.5815693916556477,0.25425543319721183,0.7016909618798722,0.4717948717948718,0.5,0.0740712184530265,0.5,0.5282051282051282,0.2501460072609584,0.6934391975256797,-0.004109425936253408,-0.008251764354192503
624,195,5,IID,0.4666666666666667,regularized_logistic,0.5312764158918004,0.49293802239620044,0.24886211944410988,0.6908696550077578,0.5333333333333333,0.5,0.008389891991518184,0.5,0.4666666666666667,0.25068870523415976,0.6945247519484004,0.0018265857900498783,0.003655096940642588
625,195,5,IID,0.5282051282051282,regularized_logistic,0.5761924862811313,0.5886520259522257,0.2489849921296443,0.6911152135610387,0.5282051282051282,0.5,0.0029767458658268575,0.5,0.5282051282051282,0.2503598079856533,0.693866830139253,0.0013748158560090151,0.002751616578214322
626,195,5,IID,0.5384615384615384,regularized_logistic,0.5118518518518519,0.5516880447632626,0.25187535901147645,0.6969010380505613,0.46153846153846156,0.5,0.05810241732771754,0.5,0.5384615384615384,0.24938334392879843,0.6919137415976709,-0.0024920150826780174,-0.004987296452890311
627,195,5,IID,0.49230769230769234,regularized_logistic,0.5163089225589226,0.5029773675385745,0.2503074662276453,0.6937637250806457,0.5076923076923077,0.5,0.01720411029514446,0.5,0.49230769230769234,0.2501697551134065,0.693486719915939,-0.00013771111423882543,-0.00027700516470663405
628,195,5,IID,0.6,regularized_logistic,0.5124917817225509,0.6220727461383933,0.24716330667905312,0.6874716968606531,0.6,0.5,0.08425083064927441,0.5,0.6,0.24553240898845713,0.6842047420588869,-0.0016308976905959893,-0.0032669548017661976
629,195,5,IID,0.48205128205128206,regularized_logistic,0.5398146197598483,0.5194284367128259,0.24913546740715722,0.6914164338151934,0.5333333333333333,0.5218559089951548,0.02234722478402515,0.5,0.48205128205128206,0.250095149028282,0.6933374802266299,0.0009596816211247805,0.0019210464114365333
630,195,5,IID,0.48205128205128206,regularized_logistic,0.4377501579945229,0.4647851655636239,0.2499655678557384,0.6930783349054999,0.517948717948718,0.5,0.012954008046870358,0.5,0.48205128205128206,0.24991714521391462,0.6929814696799559,-4.8422641823780976e-05,-9.686522554397392e-05
631,195,5,IID,0.5435897435897435,regularized_logistic,0.5236379054483782,0.5583995954017695,0.25673431025202836,0.7066688317257124,0.4564102564102564,0.5,0.09409239717242929,0.5,0.5435897435897435,0.2500727321764137,0.6932926450458669,-0.0066615780756146825,-0.013376186679845525
632,195,5,IID,0.4358974358974359,regularized_logistic,0.48427807486631025,0.41580099211657373,0.24785136786633996,0.688847864555749,0.5641025641025641,0.5,0.04414660085511346,0.5,0.4358974358974359,0.25054684859343007,0.6942409030369332,0.0026954807270901104,0.00539303848118422
633,195,5,IID,0.49743589743589745,regularized_logistic,0.6116137176520092,0.6418533959926961,0.24957458825218365,0.6922963395201777,0.5692307692307692,0.5693772354302546,0.06763718954872583,0.5,0.49743589743589745,0.24999644482739908,0.6931400702088899,0.0004218565752154291,0.0008437306887122409
634,195,5,IID,0.46153846153846156,regularized_logistic,0.5663492063492064,0.5307932959369298,0.2480965585824364,0.6893291215693487,0.5384615384615384,0.5,0.016906401063213783,0.5,0.46153846153846156,0.2552879427109329,0.7037551838298965,0.007191384128496514,0.014426062260547878
635,195,5,IID,0.5333333333333333,regularized_logistic,0.5201817413355875,0.549892230233656,0.24901670525314065,0.6911796397379263,0.5333333333333333,0.5,0.013398924965713488,0.5,0.5333333333333333,0.2503763404139062,0.6939413492069374,0.0013596351607655655,0.002761709469011109
636,195,5,IID,0.5641025641025641,regularized_logistic,0.41358288770053475,0.5249498463396278,0.2550073538196721,0.7031764544510055,0.4358974358974359,0.5,0.09443803223177166,0.5,0.5641025641025641,0.24968828316687075,0.6925237418342322,-0.00531907065280135,-0.010652712616773363
637,195,5,IID,0.48717948717948717,regularized_logistic,0.5217894736842105,0.5018542035309431,0.24985294262747212,0.6928528294136632,0.5128205128205128,0.5,0.013215273185166354,0.5,0.48717948717948717,0.2501818041712858,0.6935108066229193,0.00032886154381370214,0.0006579772092560887
638,195,5,IID,0.49230769230769234,regularized_logistic,0.4952651515151515,0.4904833952465498,0.25105810005883766,0.6952660832617988,0.49230769230769234,0.5,0.03281610265117607,0.5,0.49230769230769234,0.2507447473638307,0.6946377672496504,-0.00031335269500698537,-0.000628316012148411
639,195,5,IID,0.5025641025641026,regularized_logistic,0.5184094256259205,0.5721599332577026,0.2498207485517213,0.6927868723336911,0.49743589743589745,0.4952135493372607,0.016164547415098172,0.5,0.5025641025641026,0.25038348578543923,0.6939149930132862,0.0005627372337179415,0.0011281206795951126
640,195,5,IID,0.5435897435897435,regularized_logistic,0.522365910536358,0.5542600019372987,0.2515091150804956,0.6961663746141582,0.4564102564102564,0.5,0.05840695312360061,0.5,0.5435897435897435,0.24836617927527013,0.6898770320915575,-0.003142935805225483,-0.006289342522600716
641,195,5,IID,0.46153846153846156,regularized_logistic,0.5140740740740741,0.4832463677797434,0.24848637413800495,0.6901165733314224,0.5384615384615384,0.5,0.008111274430289361,0.5,0.46153846153846156,0.2511072698901399,0.6953622057805421,0.002620895752134922,0.005245632449119686
642,195,5,IID,0.40512820512820513,regularized_logistic,0.4683544303797468,0.38010767038632665,0.263575639631859,0.7204233431239995,0.40512820512820513,0.5,0.1499861901322278,0.5,0.40512820512820513,0.2518075863530408,0.696762760820454,-0.011768053278818191,-0.023660582303545508
643,195,5,IID,0.49743589743589745,regularized_logistic,0.4741216074058489,0.4699444890005182,0.2504388688681385,0.6940255199897654,0.5025641025641026,0.5,0.012335450479607213,0.5,0.49743589743589745,0.24999588440610232,0.6931389495735193,-0.0004429844620361667,-0.0008865704162460686
644,195,5,IID,0.4564102564102564,regularized_logistic,0.5089039643841424,0.44810636987372154,0.25282143125329737,0.6987954605438602,0.4564102564102564,0.5,0.06873731009682832,0.5,0.4564102564102564,0.2481717831379739,0.6894873282163615,-0.004649648115323479,-0.00930813232749872
645,195,5,IID,0.5282051282051282,regularized_logistic,0.4538834951456311,0.5065733083390974,0.250592029805454,0.6943338802821799,0.48717948717948717,0.4687104263402279,0.029643335460991405,0.5,0.5282051282051282,0.25025017556948437,0.6936475434797102,-0.0003418542359696075,-0.0006863368024696559
646,195,5,IID,0.49743589743589745,regularized_logistic,0.5071533768146435,0.5344299219054645,0.24999478695078903,0.6931367544549788,0.48717948717948717,0.48721859877971807,0.013046117330117962,0.5,0.49743589743589745,0.25032709339245773,0.6938016636657524,0.00033230644166870604,0.0006649092107735566
647,195,5,IID,0.5128205128205128,regularized_logistic,0.5259999999999999,0.5739916529762039,0.2500970392301057,0.6933412627883587,0.48717948717948717,0.5,0.017838079317816058,0.5,0.5128205128205128,0.25157837404268657,0.696308393275593,0.0014813348125808923,0.002967130487234293
648,195,5,IID,0.4205128205128205,regularized_logistic,0.516188214979495,0.46320956218015263,0.26447052503726537,0.7222755966610905,0.4205128205128205,0.5,0.14435178051462566,0.5,0.4205128205128205,0.24775027627018606,0.6886463341238106,-0.01672024876707931,-0.033629262537279936
649,195,5,IID,0.4564102564102564,regularized_logistic,0.5136739453042188,0.48182556267501947,0.25526017173106463,0.7036961525796178,0.4564102564102564,0.5,0.08476920644167191,0.5,0.4564102564102564,0.2481224660638635,0.6893875810720079,-0.007137705667201122,-0.01430857150760989
650,195,5,IID,0.48205128205128206,regularized_logistic,0.47145565620391827,0.4977804418856433,0.25077020463788946,0.6946881277964175,0.48205128205128206,0.5,0.03296653218648654,0.5,0.48205128205128206,0.2498687388244112,0.6928846526204235,-0.0009014658134782472,-0.001803475175993996
651,195,5,IID,0.4205128205128205,regularized_logistic,0.40815886034966536,0.36503271676679716,0.2446034674453563,0.6823290381888015,0.5794871794871795,0.5,0.019426640695208608,0.5,0.4205128205128205,0.25067399417512115,0.6944951999900287,0.006070526729764852,0.012166161801227204
652,195,5,IID,0.4256410256410256,regularized_logistic,0.5075301204819277,0.4536591771807703,0.24492670420611853,0.6829696036959668,0.5743589743589743,0.5,0.024462436915373198,0.5,0.4256410256410256,0.25479974570883657,0.702756948579736,0.009873041502718033,0.01978734488376921
653,195,5,IID,0.4666666666666667,regularized_logistic,0.44917582417582413,0.4356674319941061,0.24929028281347881,0.6917280203963188,0.5333333333333333,0.5,0.008355202119489091,0.5,0.4666666666666667,0.25180429387792264,0.6967580676559354,0.002514011064443822,0.0050300472596166435
654,195,5,IID,0.5333333333333333,regularized_logistic,0.47083685545224,0.5018538413366438,0.2506694995966057,0.6944862386627396,0.4307692307692308,0.45054945054945056,0.07518744732774965,0.5,0.5333333333333333,0.24892561983471068,0.69099702482966,-0.0017438797618950508,-0.003489213833079652
655,195,5,IID,0.5692307692307692,regularized_logistic,0.4988202488202489,0.5747228230657861,0.25321158352815,0.6995741642697009,0.4307692307692308,0.5,0.08939874108938756,0.5,0.5692307692307692,0.24756610782155475,0.6882768660307955,-0.005645475706595238,-0.011297298238905351
656,195,5,IID,0.5538461538461539,regularized_logistic,0.4494465730097914,0.5194254245817579,0.24996400097070842,0.6930752469605537,0.49230769230769234,0.4556194125159642,0.04904549514172249,0.5,0.5538461538461539,0.24831427025266242,0.6897742697128352,-0.0016497307180459997,-0.003300977247718495
657,195,5,IID,0.5230769230769231,regularized_logistic,0.5003162555344718,0.5290029572342589,0.25285419834726897,0.6988674868799963,0.47692307692307695,0.5,0.058381789826589536,0.5,0.5230769230769231,0.2502077937089207,0.6935627778286785,-0.0026464046383482542,-0.005304709051317857
658,195,5,IID,0.49230769230769234,regularized_logistic,0.47611531986531985,0.4983731957604119,0.2502652992108908,0.6936778297011656,0.5025641025641026,0.5036300505050505,0.008480516993572383,0.5,0.49230769230769234,0.2506537489557775,0.694455483173559,0.0003884497448867208,0.0007776534723933359
659,195,5,IID,0.47692307692307695,regularized_logistic,0.49262070419565673,0.47170665714734905,0.24976223210242907,0.6926741278333975,0.5230769230769231,0.5,0.016899495973733136,0.5,0.47692307692307695,0.2495815229098475,0.6923100863258116,-0.00018070919258156293,-0.0003640415075859549
660,195,5,IID,0.5282051282051282,regularized_logistic,0.5358801181933306,0.5848307837691311,0.2514946218313365,0.6961405353944793,0.4717948717948718,0.5,0.053526572114283855,0.5,0.5282051282051282,0.2521015973758273,0.6973546352666505,0.0006069755444908509,0.0012140998721712482
661,195,5,IID,0.5333333333333333,regularized_logistic,0.46206677937447166,0.5119255035397001,0.2493988521143802,0.6919451250648463,0.5333333333333333,0.5,0.013193699029201977,0.5,0.5333333333333333,0.2504191425904424,0.6939855046446975,0.0010202904760621967,0.002040379579851259
662,195,5,IID,0.6102564102564103,regularized_logistic,0.4642857142857143,0.6005790015532031,0.24610620599996866,0.6853556901990048,0.6102564102564103,0.5,0.09013173664482876,0.5,0.6102564102564103,0.2567577876668785,0.7066769231630946,0.010651581666909854,0.02132123296408983
663,195,5,IID,0.5333333333333333,regularized_logistic,0.518385460693153,0.5658354043425238,0.2499462067528071,0.6930395932046494,0.5333333333333333,0.5315934065934066,0.03314990330242667,0.5,0.5333333333333333,0.25068870523415965,0.6945247519484004,0.0007424984813525493,0.0014851587437509917
664,195,5,IID,0.4666666666666667,regularized_logistic,0.4540363482671175,0.47119381567019447,0.25251843001910024,0.6981895283834822,0.4666666666666667,0.5,0.058528834977871536,0.5,0.4666666666666667,0.2512933998133096,0.6957349122439804,-0.0012250302057906226,-0.0024546161395018196
665,195,5,IID,0.5538461538461539,regularized_logistic,0.5041507024265645,0.5530869167447688,0.24763661241454268,0.6884156558116618,0.5538461538461539,0.5,0.02382664621626851,0.5,0.5538461538461539,0.25106166560712007,0.6952707549057517,0.003425053192577382,0.006855099094089989
666,195,5,IID,0.5641025641025641,regularized_logistic,0.5004278074866311,0.5665029775217858,0.252209223786902,0.6975673144673278,0.4358974358974359,0.5,0.0793143581904292,0.5,0.5641025641025641,0.25225970623416144,0.6976681608222086,5.048244725941453e-05,0.00010084635488083471
667,195,5,IID,0.5487179487179488,regularized_logistic,0.5617034834324554,0.6045363101223282,0.2479543806146293,0.689052219488201,0.5487179487179488,0.5,0.023586297101012454,0.5,0.5487179487179488,0.2524400217863778,0.6980302478997062,0.004485641171748517,0.008978028411505301
668,195,5,IID,0.517948717948718,regularized_logistic,0.4879924162629029,0.5027709755620376,0.25502029476022386,0.7032412325632246,0.48205128205128206,0.5,0.07293918004531674,0.5,0.517948717948718,0.2497563043017588,0.6926597445550222,-0.005263990458465068,-0.010581488008202355
669,195,5,IID,0.48717948717948717,regularized_logistic,0.4714736842105263,0.4651677580902863,0.2498559330680953,0.6928590460365023,0.5128205128205128,0.5,0.0021889463053866853,0.5,0.48717948717948717,0.24991112068497492,0.6929694182714555,5.518761687961504e-05,0.00011037223495324877
670,195,5,IID,0.4564102564102564,regularized_logistic,0.48706805172779305,0.47599201041889966,0.2483252941544166,0.6897948742425069,0.5435897435897435,0.5,0.014095437028184776,0.5,0.4564102564102564,0.2481647778717652,0.6894726721606348,-0.00016051628265140172,-0.00032220208187205834
671,195,5,IID,0.558974358974359,regularized_logistic,0.4852784296991679,0.5544096049160678,0.2536394392502071,0.7004335623531632,0.441025641025641,0.5,0.08350049516679453,0.5,0.558974358974359,0.25286384039201465,0.6988783680622203,-0.00077559885819245,-0.001555194290942974
672,195,5,IID,0.517948717948718,regularized_logistic,0.5053718137771224,0.5386840268684464,0.2515360009694915,0.6962223336817829,0.48205128205128206,0.5,0.043047290892265944,0.5,0.517948717948718,0.24967896616281288,0.692504977564924,-0.001857034806678648,-0.003717356116858861
673,195,5,IID,0.4564102564102564,regularized_logistic,0.504557981768073,0.46445959782292195,0.25152873739713877,0.696205727900471,0.4564102564102564,0.5,0.058650285994905016,0.5,0.4564102564102564,0.2503773211511754,0.6939018404328058,-0.001151416245963377,-0.002303887467665189
674,195,5,IID,0.4564102564102564,regularized_logistic,0.47954208183167274,0.44819285141438053,0.2609982063254539,0.7153223805422487,0.4564102564102564,0.5,0.1132618829706184,0.5,0.4564102564102564,0.2488776337611799,0.6909017907984102,-0.012120572564273985,-0.02442058974383854
675,195,5,IID,0.4717948717948718,regularized_logistic,0.5080202617138032,0.4967634779101556,0.2497118194774172,0.6925707935968521,0.5282051282051282,0.5,0.023146242722827948,0.5,0.4717948717948718,0.2492391755502199,0.6916248513344534,-0.000472643927197286,-0.0009459422623987468
676,195,5,IID,0.49230769230769234,regularized_logistic,0.5117845117845118,0.50835639586349,0.2553083453046289,0.7039191970504368,0.5076923076923077,0.5,0.07357118539634738,0.5,0.49230769230769234,0.250943136502866,0.6950353409760848,-0.004365208801762943,-0.008883856074352048
677,195,5,IID,0.40512820512820513,regularized_logistic,0.4989087734613706,0.44279637524911464,0.24820603371525407,0.6895587534260572,0.5948717948717949,0.5,0.08479046513474348,0.5,0.40512820512820513,0.2486440081331141,0.6904350008306269,0.000437974417860032,0.0008762474045697077
678,195,5,IID,0.5333333333333333,regularized_logistic,0.43248098055790357,0.5194906880013558,0.26344638839370116,0.7204035300008682,0.4666666666666667,0.5,0.1185619281647437,0.5,0.5333333333333333,0.2496477927281835,0.692442736073918,-0.013798595665517666,-0.027960793926950167
679,195,5,IID,0.5282051282051282,regularized_logistic,0.5360911777121148,0.5620029815930974,0.25227428071752633,0.6977009311674409,0.4717948717948718,0.5,0.05799754817449487,0.5,0.5282051282051282,0.24935553302194927,0.691859021815684,-0.0029187476955770675,-0.00584190935175688
680,195,5,IID,0.517948717948718,regularized_logistic,0.41615757320412894,0.4893641009446517,0.25029322602664306,0.6937343563848082,0.517948717948718,0.5,0.004094121081592461,0.5,0.517948717948718,0.2505011042050862,0.6941495610302354,0.00020787817844314382,0.000415204645427214
681,195,5,IID,0.5025641025641026,regularized_logistic,0.46118241110877334,0.4863865079325559,0.25003568874770304,0.6932185659145703,0.5025641025641026,0.5,0.0025442147541101523,0.5,0.5025641025641026,0.25212751686080015,0.6974233755346517,0.002091828113097105,0.004204809620081407
682,195,5,IID,0.4307692307692308,regularized_logistic,0.46074646074646075,0.41190594924499535,0.2707604976323449,0.7352254139176154,0.4307692307692308,0.5,0.159313279285066,0.5,0.4307692307692308,0.2513413858868404,0.6958302571237651,-0.01941911174550448,-0.039395156793850306
683,195,5,IID,0.4666666666666667,regularized_logistic,0.5411031276415893,0.48830224647133497,0.24873841738549315,0.6906206525176944,0.5333333333333333,0.5,0.0017545295980040398,0.5,0.4666666666666667,0.24904947294128357,0.6912452865995944,0.0003110555557904182,0.0006246340818999441
684,195,5,IID,0.5076923076923077,regularized_logistic,0.48874158249158245,0.49585677900278236,0.253276909777392,0.6997314812754586,0.49230769230769234,0.5,0.057711115634067056,0.5,0.5076923076923077,0.25226292865661754,0.6976865777154087,-0.0010139811207744431,-0.0020449035600499377
685,195,5,IID,0.5794871794871795,regularized_logistic,0.428556011223829,0.5358805464325336,0.2559058559659789,0.7049756657984211,0.4205128205128205,0.5,0.10887272457291897,0.5,0.5794871794871795,0.25013206678120287,0.6934113143635156,-0.005773789184776057,-0.011564351434905529
686,195,5,IID,0.5333333333333333,regularized_logistic,0.47062552831783594,0.5138126927018486,0.24936094482805726,0.691868975343494,0.5333333333333333,0.5,0.018714443009842374,0.5,0.5333333333333333,0.24914418414042755,0.6914349820175616,-0.00021676068762971346,-0.0004339933259324136
687,195,5,IID,0.46153846153846156,regularized_logistic,0.5057142857142858,0.4707822638004914,0.2493008550874385,0.691768620994124,0.5384615384615384,0.5,0.02584426368426268,0.5,0.46153846153846156,0.24928898299296498,0.6917249453978737,-1.1872094473508454e-05,-4.367559625029216e-05
688,195,5,IID,0.5282051282051282,regularized_logistic,0.45145631067961167,0.5073580678474023,0.2544218013875398,0.7020190987740518,0.4717948717948718,0.5,0.06921903785077538,0.5,0.5282051282051282,0.24920534011443102,0.6915570211987112,-0.005216461273108763,-0.010462077575340567
689,195,5,IID,0.5692307692307692,regularized_logistic,0.5392535392535392,0.630654156386673,0.25392484723788655,0.7010044085495236,0.4307692307692308,0.5,0.09469903334571217,0.5,0.5692307692307692,0.25328765899765143,0.6997264882247343,-0.0006371882402351203,-0.00127792032478935
690,195,5,IID,0.49743589743589745,regularized_logistic,0.5396591626341258,0.5264080324345931,0.2552223580432825,0.7036925700118672,0.49743589743589745,0.5,0.07261956908221012,0.5,0.49743589743589745,0.24999588440610226,0.6931389495735193,-0.005226473637180262,-0.010553620438347955
691,195,5,IID,0.49743589743589745,regularized_logistic,0.499474016410688,0.5103443965317307,0.2510240370677641,0.6952006109709336,0.5025641025641026,0.5,0.03254701705703261,0.5,0.49743589743589745,0.2508836617927527,0.6949169994130187,-0.00014037527501142844,-0.0002836115579148979
692,195,5,IID,0.47692307692307695,regularized_logistic,0.4920936116382037,0.4609148008996166,0.24968318571779927,0.6925131472593864,0.5230769230769231,0.5,0.005798066216552378,0.5,0.47692307692307695,0.24958425496366896,0.6923161782054286,-9.893075413031083e-05,-0.0001969690539578295
693,195,5,IID,0.48717948717948717,regularized_logistic,0.4750526315789473,0.461199643632416,0.2498491833329173,0.6928455346401275,0.5128205128205128,0.5,0.002178856508574134,0.5,0.48717948717948717,0.2499425743302528,0.6930323283294807,9.339099733549072e-05,0.00018679368935314855
694,195,5,IID,0.4666666666666667,regularized_logistic,0.5733305156382079,0.5295284837316477,0.2522434959810082,0.6976382841032838,0.4666666666666667,0.5,0.05837472346647188,0.5,0.4666666666666667,0.2504191425904424,0.6939855046446977,-0.0018243533905658027,-0.0036527794585861084
695,195,5,IID,0.49230769230769234,regularized_logistic,0.49779040404040403,0.5147555530506975,0.25025395040734,0.6936551624400875,0.49230769230769234,0.5,0.017863755647905655,0.5,0.49230769230769234,0.2507447473638307,0.6946377672496504,0.00049079695649068,0.0009826048095629147
696,195,5,IID,0.558974358974359,regularized_logistic,0.5108811606571367,0.5725882938941096,0.25195675797634426,0.697061989120869,0.441025641025641,0.5,0.07426963494379146,0.5,0.558974358974359,0.2502985819589877,0.6937443494228287,-0.0016581760173565718,-0.003317639698040331
697,195,5,IID,0.47692307692307695,regularized_logistic,0.4185114906177525,0.459857459512947,0.2495675109480267,0.6922821592193433,0.5230769230769231,0.5,0.0030594762175540358,0.5,0.47692307692307695,0.2495815229098475,0.6923100863258116,1.4011961820797891e-05,2.7927106468261798e-05
698,195,5,IID,0.48205128205128206,regularized_logistic,0.5390773119865179,0.5618416223330616,0.24950973413817623,0.692166388997043,0.5641025641025641,0.5633558036654729,0.05955597679459794,0.5,0.48205128205128206,0.25116856596946746,0.6954858874121644,0.0016588318312912298,0.003319498415121469
699,195,5,IID,0.5025641025641026,regularized_logistic,0.5018935409215233,0.5400851981386756,0.25076155817970225,0.6946723248895834,0.49743589743589745,0.5,0.02765890239793961,0.5,0.5025641025641026,0.25032709339245773,0.6938016636657524,-0.0004344647872445151,-0.0008706612238310596
700,195,5,IID,0.4717948717948718,regularized_logistic,0.5052764879696074,0.46802298126959746,0.24923594805057905,0.6916182908177919,0.5282051282051282,0.5,0.0033141721428494586,0.5,0.4717948717948718,0.249261382244102,0.6916693466808513,2.543419352293852e-05,5.105586305942378e-05
701,195,5,IID,0.5076923076923077,regularized_logistic,0.48432239057239057,0.506354401304062,0.2503772184945775,0.6939018682091795,0.48717948717948717,0.4947916666666667,0.022756604502867442,0.5,0.5076923076923077,0.2503916819469036,0.6939323560340522,1.446345232608559e-05,3.0487824872693636e-05
702,195,5,IID,0.4461538461538462,regularized_logistic,0.44369944657300986,0.41944763375442373,0.24781301906626327,0.6887724421617677,0.5538461538461539,0.5,0.012587801256853992,0.5,0.4461538461538462,0.2539517582342526,0.7010604677586751,0.006138739167989321,0.012288025596907448
703,195,5,IID,0.5128205128205128,regularized_logistic,0.5402105263157895,0.5436536443759297,0.2515186256869256,0.6962077091350668,0.5128205128205128,0.5,0.042441865667778966,0.5,0.5128205128205128,0.25012302998779334,0.6933932465266147,-0.0013955956991322793,-0.002814462608452084
704,195,5,IID,0.5076923076923077,regularized_logistic,0.5466119528619529,0.5587472939581477,0.2506582320224085,0.6944644581971328,0.49230769230769234,0.5,0.02755202872865814,0.5,0.5076923076923077,0.249942784488239,0.6930327460336977,-0.0007154475341694944,-0.0014317121634350727
705,195,5,IID,0.49743589743589745,regularized_logistic,0.5395539659162635,0.5088923113626802,0.25014168529563974,0.6934305977068443,0.49743589743589745,0.5,0.012573318584581883,0.5,0.49743589743589745,0.2500382662666659,0.693223715224551,-0.00010341902897381683,-0.00020688248229339123
706,195,5,IID,0.5487179487179488,regularized_logistic,0.485768903993203,0.5456979385832947,0.2655234529668807,0.7245703998175969,0.4512820512820513,0.5,0.13378438626470152,0.5,0.5487179487179488,0.24841374503282834,0.6899731063558234,-0.017109707934052337,-0.034597293461773426
707,195,5,IID,0.4717948717948718,regularized_logistic,0.5221612494723511,0.5198980164226313,0.2500090622371777,0.6931649204150415,0.5076923076923077,0.5183094132545378,0.033221544091192615,0.5,0.4717948717948718,0.24970712733297262,0.6925614105793625,-0.0003019349042051034,-0.000603509835679028
708,195,5,IID,0.441025641025641,regularized_logistic,0.643588649455942,0.5326508619030517,0.25618551546585694,0.7055470346335139,0.441025641025641,0.5,0.09899092321969127,0.5,0.441025641025641,0.24990320473415897,0.6929535898525849,-0.006282310731697965,-0.012593444780928942
709,195,5,IID,0.4307692307692308,regularized_logistic,0.4725439725439725,0.4012405897487368,0.2562812194126197,0.7057348086523624,0.4307692307692308,0.5,0.10410795138481743,0.5,0.4307692307692308,0.2513413858868404,0.6958302571237651,-0.0049398335257793136,-0.00990455152859726
710,195,5,IID,0.49230769230769234,regularized_logistic,0.5089436026936026,0.5530881434706962,0.25249906534756683,0.6981842569397332,0.5076923076923077,0.5,0.05256664677595396,0.5,0.49230769230769234,0.24998124339972583,0.6931097094654176,-0.0025178219478410035,-0.005074547474315572
711,195,5,IID,0.517948717948718,regularized_logistic,0.5046345060037919,0.5038934563779135,0.2500004035299588,0.6931479876811485,0.5333333333333333,0.5307036022751211,0.03297650183238718,0.5,0.517948717948718,0.24986873882441124,0.6928846526204238,-0.00013166470554754062,-0.0002633350607247342
712,195,5,IID,0.4717948717948718,regularized_logistic,0.556880540312368,0.5030728443885526,0.2520023213338904,0.697155584624154,0.4717948717948718,0.5,0.05321614532872909,0.5,0.4717948717948718,0.250474904509465,0.6940970637330014,-0.001527416824425365,-0.0030585208911525497
713,195,5,IID,0.46153846153846156,regularized_logistic,0.4524867724867725,0.44055937972020603,0.2519678138781061,0.6970851881339231,0.46153846153846156,0.5,0.058443203360864726,0.5,0.46153846153846156,0.24981542874856177,0.6927780350818565,-0.0021523851295442986,-0.004307153052066526
714,195,5,IID,0.49743589743589745,regularized_logistic,0.514622343782874,0.5364839763393419,0.252160913273682,0.6974851979237456,0.49743589743589745,0.5,0.04808567947910358,0.5,0.49743589743589745,0.2506123478324831,0.6943730213490528,-0.0015485654411989125,-0.003112176574692871
715,195,5,IID,0.5692307692307692,regularized_logistic,0.45291720291720294,0.5532363687547787,0.24960980878858374,0.6923662730393304,0.5487179487179488,0.4993564993564994,0.05905130167876747,0.5,0.5692307692307692,0.24825206348872772,0.6896504390136913,-0.0013577452998560224,-0.00271583402563913
716,195,5,IID,0.49743589743589745,regularized_logistic,0.4741216074058489,0.5051825601226363,0.2502187977035163,0.6935850968425797,0.5025641025641026,0.5,0.012345489007113797,0.5,0.49743589743589745,0.250038266266666,0.6932237152245511,-0.00018053143685031747,-0.00036138161802867774
717,195,5,IID,0.5333333333333333,regularized_logistic,0.5306424344885884,0.5919535028945901,0.24884241145370137,0.6908298795824583,0.5333333333333333,0.5,0.0017773006647100464,0.5,0.5333333333333333,0.2529736129135077,0.6991030068841907,0.004131201459806305,0.008273127301732353
718,195,5,IID,0.5384615384615384,regularized_logistic,0.5195767195767196,0.5805853546036531,0.2483347736744113,0.6898109619211138,0.5384615384615384,0.5,0.0010003376221672244,0.5,0.5384615384615384,0.24928898299296498,0.6917249453978737,0.0009542093185536671,0.0019139834767598618
719,195,5,IID,0.4666666666666667,regularized_logistic,0.5119399830938292,0.4744576656104124,0.24922420137460724,0.6915951821774677,0.5333333333333333,0.5,0.018402443799956647,0.5,0.4666666666666667,0.24939917583043056,0.6919453650008158,0.00017497445582331794,0.0003501828233480886
720,195,5,IID,0.4153846153846154,regularized_logistic,0.5452674897119342,0.4678744526725462,0.24598634356914081,0.6851115218652374,0.5846153846153846,0.5,0.060020642687072856,0.5,0.4153846153846154,0.2504257275406787,0.6939986426704529,0.004439383971537897,0.008887120805215476
721,195,5,IID,0.4666666666666667,regularized_logistic,0.5086644125105664,0.4936172639927152,0.2527118123942163,0.6985777625173396,0.4666666666666667,0.5,0.06254413839337758,0.5,0.4666666666666667,0.2504191425904424,0.6939855046446977,-0.0022926698037739057,-0.004592257872641947
722,195,5,IID,0.441025641025641,regularized_logistic,0.49871986345210145,0.43030613680214524,0.24743878331307972,0.688018893680108,0.558974358974359,0.5,0.028761490985759253,0.5,0.441025641025641,0.24707132586922226,0.6872820745228106,-0.00036745744385746626,-0.000736819157297397
723,195,5,IID,0.5230769230769231,regularized_logistic,0.5475437486822686,0.5691333054026287,0.2493654374964058,0.6918775063405621,0.5230769230769231,0.5,0.008112521594963673,0.5,0.5230769230769231,0.24948506039415125,0.6921170175677626,0.00011962289774544721,0.0002395112272004507
724,195,5,IID,0.5743589743589743,regularized_logistic,0.571643717728055,0.6305730307230362,0.2570127306673687,0.7072031564925572,0.4256410256410256,0.5,0.11441205433356777,0.5,0.5743589743589743,0.2487306632761178,0.6906082364223061,-0.008282067391250869,-0.016594920070251096
725,195,5,IID,0.5897435897435898,regularized_logistic,0.5393478260869565,0.6425643924162805,0.24752000451550768,0.6881857529954343,0.5897435897435898,0.5,0.07471814712121783,0.5,0.5897435897435898,0.25602846940187285,0.7052185329313718,0.008508464886365169,0.017032779935937548
726,195,5,IID,0.49230769230769234,regularized_logistic,0.52388468013468,0.5452567482113404,0.24965643847289723,0.6924575693325576,0.5128205128205128,0.5052083333333334,0.0179112115214538,0.5,0.49230769230769234,0.24994089306636266,0.6930289620531422,0.000284454593465433,0.0005713927205845959
727,195,5,IID,0.47692307692307695,regularized_logistic,0.4604680581910183,0.45167399353112286,0.2503061288332569,0.6937592522604199,0.4717948717948718,0.46283997469955723,0.034950074645989794,0.5,0.47692307692307695,0.24954894842197628,0.692244891852486,-0.0007571804112806446,-0.0015143604079338457
728,195,5,IID,0.5076923076923077,regularized_logistic,0.42813552188552184,0.46443383473167466,0.25277528390091014,0.6987189502902037,0.49230769230769234,0.5,0.05273368154271152,0.5,0.5076923076923077,0.2500049912521738,0.6931572474730096,-0.00277029264873635,-0.005561702817194147
729,195,5,IID,0.5794871794871795,regularized_logistic,0.44906108353118934,0.5414609008538405,0.25462306122192824,0.7024016244597239,0.4205128205128205,0.5,0.10440029249408983,0.5,0.5794871794871795,0.25243091494030645,0.6980103426053633,-0.0021921462816217874,-0.004391281854360551
730,195,5,IID,0.4717948717948718,regularized_logistic,0.44586323343182777,0.4493590622116807,0.24927540365895434,0.6916976579933414,0.5282051282051282,0.5,0.001796374050086147,0.5,0.4717948717948718,0.250474904509465,0.6940970637330014,0.001199500850510682,0.002399405739660021
731,195,5,IID,0.4666666666666667,regularized_logistic,0.5173288250211328,0.4899641743750307,0.24918068556625345,0.6915073971388093,0.5333333333333333,0.5116758241758241,0.021639992387420672,0.5,0.4666666666666667,0.2505511918584796,0.694249649687267,0.0013705062922261813,0.0027422525484577243
732,195,5,IID,0.4358974358974359,regularized_logistic,0.44128342245989305,0.4084668234969304,0.2495052325364217,0.6921576202873765,0.5641025641025641,0.5,0.059099788702285216,0.5,0.4358974358974359,0.2465289081066692,0.6861940303121035,-0.0029763244297525138,-0.00596358997527302
733,195,5,IID,0.4717948717948718,regularized_logistic,0.3824398480371465,0.3981074816830633,0.24949377160922362,0.6921346224994528,0.5282051282051282,0.5,0.013168470376679176,0.5,0.4717948717948718,0.24978397510328387,0.69271512131836,0.0002902034940602538,0.0005804988189072047
734,195,5,IID,0.5384615384615384,regularized_logistic,0.44560846560846556,0.49458841232033696,0.24906684913042118,0.6912813722096796,0.5384615384615384,0.5,0.013786342672642449,0.5,0.5384615384615384,0.25006425580430097,0.6932756922862028,0.0009974066738797915,0.001994320076523226
735,195,5,IID,0.441025641025641,regularized_logistic,0.5454448474503948,0.498661560784172,0.24646110834493853,0.686050765952437,0.558974358974359,0.5,0.011088718246457518,0.5,0.441025641025641,0.2505044667328664,0.6941561373859013,0.004043358387927881,0.008105371433464348
736,195,5,IID,0.5641025641025641,regularized_logistic,0.5055614973262033,0.5507401668667942,0.2669009795815031,0.7273104278907865,0.4358974358974359,0.5,0.150732194086638,0.5,0.5641025641025641,0.2505468485934301,0.6942409030369332,-0.01635413098807298,-0.03306952485385328
737,195,5,IID,0.48205128205128206,regularized_logistic,0.5012639561828524,0.4793098574621014,0.25046026596942605,0.6940678504330297,0.48205128205128206,0.5,0.028001942948513936,0.5,0.48205128205128206,0.24991714521391462,0.6929814696799559,-0.0005431207555114392,-0.001086380753073768
738,195,5,IID,0.5641025641025641,regularized_logistic,0.53475935828877,0.5799366667305592,0.24983516638943445,0.6928175292298956,0.49743589743589745,0.5050802139037434,0.06429698742686157,0.5,0.5641025641025641,0.2469066320606516,0.6869532974689949,-0.0029285343287828447,-0.005864231760900673
739,195,5,IID,0.47692307692307695,regularized_logistic,0.5394265232974911,0.5141218736621922,0.24955716655776086,0.69226008531367,0.5230769230769231,0.5,0.022156017180313015,0.5,0.47692307692307695,0.25234636137716526,0.6978469362691261,0.0027891948194044003,0.00558685095545608
740,195,5,IID,0.5333333333333333,regularized_logistic,0.5442730346576501,0.6195280968539892,0.2530537095174073,0.6992664513186011,0.4666666666666667,0.5,0.06844578852572003,0.5,0.5333333333333333,0.2527650661384696,0.6986844305171341,-0.0002886433789376919,-0.0005820208014669648
741,195,5,IID,0.48205128205128206,regularized_logistic,0.5050558247314093,0.5120298202755142,0.2515100439421909,0.6961702655311278,0.48205128205128206,0.5,0.04276410568965633,0.5,0.48205128205128206,0.2512989339736147,0.6957471063563525,-0.00021110996857620634,-0.0004231591747753116
742,195,5,IID,0.517948717948718,regularized_logistic,0.5567726985464505,0.5920042068919817,0.2490740937361932,0.6912914040910961,0.517948717948718,0.5,0.006973613675987811,0.5,0.517948717948718,0.24972975434282718,0.6926066238096416,0.0006556606066339954,0.001315219718545424
743,195,5,IID,0.5538461538461539,regularized_logistic,0.5175606641123882,0.5897163226585674,0.24951809148488016,0.6921809332470948,0.5282051282051282,0.521551724137931,0.05048522727922672,0.5,0.5538461538461539,0.25065648100959903,0.6944602026664759,0.0011383895247188691,0.002279269419381058
744,195,5,IID,0.48717948717948717,regularized_logistic,0.5891578947368421,0.5623355833578825,0.24746102353746707,0.6880636114969462,0.5487179487179488,0.546578947368421,0.03273361033670865,0.5,0.48717948717948717,0.25024604246242116,0.6936393058702046,0.0027850189249540858,0.005575694373258444
745,195,5,IID,0.517948717948718,regularized_logistic,0.549926269222667,0.5780726821572073,0.25247827920123095,0.6981138467240242,0.48205128205128206,0.5,0.052946060857558874,0.5,0.517948717948718,0.24969689964430763,0.6925409080059864,-0.0027813795569233135,-0.005572938718037768
746,195,5,IID,0.5333333333333333,regularized_logistic,0.5214497041420119,0.5730051481838832,0.2557192807204026,0.7046315617511946,0.4666666666666667,0.5,0.08354112758366583,0.5,0.5333333333333333,0.25017143637729666,0.6934900561752043,-0.0055478443431059565,-0.011141505575990251
747,195,5,IID,0.5076923076923077,regularized_logistic,0.5418771043771043,0.5580561208600313,0.2530872971219188,0.6993779868119855,0.5076923076923077,0.5,0.05732626212359049,0.5,0.5076923076923077,0.25084120987952696,0.6948310496848193,-0.0022460872423918365,-0.00454693712716614
748,195,5,IID,0.5025641025641026,regularized_logistic,0.5386071954555017,0.5352796819067488,0.25001945698142697,0.6931863116852705,0.49230769230769234,0.49479276246581105,0.017396719263060724,0.5,0.5025641025641026,0.25012926467471913,0.6934057475123735,0.00010980769329216322,0.00021943582710304277
749,195,5,IID,0.48717948717948717,regularized_logistic,0.45221052631578945,0.4629521240769785,0.25040512049403113,0.6939575113611238,0.47692307692307695,0.4892105263157895,0.028335068848639282,0.5,0.48717948717948717,0.2498358140732296,0.6928187729016,-0.0005693064208015242,-0.001138738459523836
750,195,5,IID,0.46153846153846156,regularized_logistic,0.4549206349206349,0.4574409318934538,0.25077273189593285,0.6946927696659769,0.4512820512820513,0.4801587301587301,0.054118580857970874,0.5,0.46153846153846156,0.2489661803260601,0.691078831308475,-0.0018065515698727497,-0.0036139383575019
751,195,5,IID,0.5487179487179488,regularized_logistic,0.507965165675446,0.5677544738307618,0.24948268011628227,0.6921124077510917,0.5487179487179488,0.5110981308411215,0.04365107122632966,0.5,0.5487179487179488,0.24919686374231823,0.6915407401189952,-0.00028581637396404846,-0.0005716676320964842
752,195,5,IID,0.48717948717948717,regularized_logistic,0.5551578947368421,0.5212652114353422,0.24982587529141367,0.6927988882457371,0.5128205128205128,0.5,0.002817840047174003,0.5,0.48717948717948717,0.25090061453697815,0.6949591261109602,0.0010747392455644766,0.0021602378652231247
753,195,5,IID,0.5128205128205128,regularized_logistic,0.4996842105263158,0.5001038566748843,0.24987207024912017,0.6928914727263371,0.5128205128205128,0.5,0.002330197928964828,0.5,0.5128205128205128,0.24983581407322955,0.6928187729015999,-3.625617589061991e-05,-7.269982473723235e-05
754,195,5,IID,0.5128205128205128,regularized_logistic,0.5289473684210527,0.5358502603456256,0.2498680142781499,0.6928832037534283,0.5384615384615384,0.5384210526315789,0.03601944884259671,0.5,0.5128205128205128,0.25012302998779334,0.6933932465266147,0.00025501570964345244,0.0005100427731864476
755,195,5,IID,0.517948717948718,regularized_logistic,0.4337476300821571,0.4727034860491262,0.24993881907732118,0.6930251663174944,0.517948717948718,0.5,0.0031466192904090473,0.5,0.517948717948718,0.24991714521391462,0.6929814696799558,-2.1673863406568294e-05,-4.369663753867048e-05
756,195,5,IID,0.4666666666666667,regularized_logistic,0.5283178360101437,0.4903881067418806,0.24910557896633911,0.6913577037159869,0.5333333333333333,0.5,0.01835089398536932,0.5,0.4666666666666667,0.2518042938779227,0.6967580676559354,0.0026987149115835773,0.0054003639399484715
757,195,5,IID,0.49230769230769234,regularized_logistic,0.4689604377104377,0.47732547013050336,0.25022405728419966,0.6935953477892353,0.49743589743589745,0.5050505050505051,0.012825388074449339,0.5,0.49230769230769234,0.24994089306636266,0.6930289620531422,-0.00028316421783700085,-0.0005663857360930225
758,195,5,IID,0.5538461538461539,regularized_logistic,0.5127713920817369,0.5912322543391189,0.24812842954557046,0.6894015272971388,0.5538461538461539,0.5,0.03415268799978188,0.5,0.5538461538461539,0.25631561526377455,0.7058126908633899,0.008187185718204093,0.016411163566251163
759,195,5,IID,0.5025641025641026,regularized_logistic,0.4691773616663161,0.47407957748081064,0.2522635417518033,0.6976921350752433,0.49743589743589745,0.5,0.04760118099171151,0.5,0.5025641025641026,0.2506123478324831,0.6943730213490528,-0.0016511939193202263,-0.003319113726190537
760,195,5,IID,0.48205128205128206,regularized_logistic,0.4716663155677269,0.4838881756079413,0.24988757028953504,0.6929223208442609,0.517948717948718,0.5,0.012758011667088565,0.5,0.48205128205128206,0.25032232981143576,0.6937918918244702,0.00043475952190072387,0.0008695709802093443
761,195,5,IID,0.5076923076923077,regularized_logistic,0.4565446127946128,0.5108682592388916,0.2504544911180078,0.6940564889776125,0.49230769230769234,0.5,0.0180426808199437,0.5,0.5076923076923077,0.25026222462736364,0.6936726651684768,-0.00019226649064418844,-0.00038382380913570824
762,195,5,IID,0.517948717948718,regularized_logistic,0.49557615336001687,0.5123152802991795,0.2520267727294529,0.6972070412227668,0.48205128205128206,0.5,0.047924263783585774,0.5,0.517948717948718,0.2504089849544394,0.6939652497303869,-0.0016177877750134795,-0.0032417914923799085
763,195,5,IID,0.48205128205128206,regularized_logistic,0.5452917632188751,0.5468970481563814,0.25007336328972196,0.6932938868859634,0.48205128205128206,0.5,0.022666920155289094,0.5,0.48205128205128206,0.2508102466028837,0.6947682879548662,0.0007368833131617403,0.001474401068902842
764,195,5,IID,0.5641025641025641,regularized_logistic,0.43775401069518716,0.5269925988909121,0.2628260174446336,0.7189761735782735,0.4358974358974359,0.5,0.12912246328872734,0.5,0.5641025641025641,0.2512481457936002,0.6956437563844273,-0.011577871651033356,-0.023332417193846156
765,195,5,IID,0.49230769230769234,regularized_logistic,0.4882154882154882,0.4917996160789788,0.2513856575754805,0.6959239584741606,0.49230769230769234,0.5,0.03758319138216126,0.5,0.49230769230769234,0.25022250476795926,0.6935922482517112,-0.0011631528075212172,-0.002331710222449379
766,195,5,IID,0.5128205128205128,regularized_logistic,0.4666315789473684,0.5095841040098446,0.2501736768384975,0.6934962620169376,0.5128205128205128,0.5,0.017040036043493245,0.5,0.5128205128205128,0.24991112068497492,0.6929694182714555,-0.00026255615352258066,-0.000526843745482064
767,195,5,IID,0.517948717948718,regularized_logistic,0.5033705498209394,0.5482564862372574,0.25509164337027845,0.7033948094952335,0.48205128205128206,0.5,0.07309878963040933,0.5,0.517948717948718,0.2505011042050862,0.6941495610302354,-0.004590539165192253,-0.00924524846499808
768,195,5,IID,0.48717948717948717,regularized_logistic,0.4663157894736842,0.4744674227561135,0.25141181930497863,0.6959925081933332,0.5128205128205128,0.5,0.025994012162885105,0.5,0.48717948717948717,0.2498646057173481,0.6928763760988766,-0.001547213587630547,-0.003116132094456603
769,195,5,IID,0.5025641025641026,regularized_logistic,0.5016831474857985,0.5343627177325354,0.2510374677552269,0.6952275793397619,0.5025641025641026,0.5,0.033273280332019706,0.5,0.5025641025641026,0.2501253417256423,0.6933979820030616,-0.0009121260295845701,-0.001829597336700295
770,195,5,IID,0.49743589743589745,regularized_logistic,0.4380391331790448,0.4586499972443297,0.2503938111785141,0.6939354404688656,0.5025641025641026,0.5,0.012564397483991352,0.5,0.49743589743589745,0.25032092875819395,0.6937896470871364,-7.28824203201639e-05,-0.00014579338172915346
771,195,5,IID,0.47692307692307695,regularized_logistic,0.5484925152856842,0.512884560905001,0.24933118190981798,0.6918086889891594,0.5230769230769231,0.5,0.003342517132328471,0.5,0.47692307692307695,0.2512386186315563,0.6956257865387399,0.0019074367217382926,0.0038170975495804838
772,195,5,IID,0.4717948717948718,regularized_logistic,0.47815533980582525,0.4809890350878797,0.24939709995848647,0.6919411096059954,0.5282051282051282,0.5,0.013170005265913554,0.5,0.4717948717948718,0.2499540629668354,0.6930553064105694,0.0005569630083489263,0.0011141968045740303
773,195,5,IID,0.47692307692307695,regularized_logistic,0.4987349778621125,0.4649494043291301,0.25016209640932985,0.693480064889398,0.5230769230769231,0.5,0.017945973187090125,0.5,0.47692307692307695,0.24966306420851866,0.6924732438156843,-0.0004990322008111836,-0.0010068210737136374
774,195,5,IID,0.5025641025641026,regularized_logistic,0.5137807700399748,0.5258417435422615,0.250396045474969,0.6939410326071046,0.5230769230769231,0.5251420155691142,0.027778140430587912,0.5,0.5025641025641026,0.24999588440610226,0.6931389495735193,-0.0004001610688667556,-0.0008020830335853102
775,195,5,IID,0.5025641025641026,regularized_logistic,0.5214601304439301,0.550507860485792,0.25078279148677407,0.6947149775449176,0.5025641025641026,0.5,0.03159147483447011,0.5,0.5025641025641026,0.2500049211995118,0.6931570229685541,-0.0007778702872622834,-0.0015579545763635405
776,195,5,IID,0.558974358974359,regularized_logistic,0.492105824621293,0.5685345318676607,0.24895810817938763,0.6910612610540057,0.5230769230769231,0.47647749093236613,0.04478112907781508,0.5,0.558974358974359,0.2495296839399018,0.6922065274121688,0.0005715757605141703,0.001145266358163144
777,195,5,IID,0.5230769230769231,regularized_logistic,0.4871389415981446,0.5382351663026812,0.25229556332167274,0.6977449749061725,0.47692307692307695,0.5,0.05311783169234813,0.5,0.5230769230769231,0.2507258331450668,0.6945991759168596,-0.0015697301766059435,-0.003145798989312887
778,195,5,IID,0.5128205128205128,regularized_logistic,0.5090526315789473,0.5258171470401654,0.25498149224632793,0.7031732734375412,0.48717948717948717,0.5,0.0724455393821955,0.5,0.5128205128205128,0.2499425743302528,0.6930323283294806,-0.005038917916075136,-0.010140945108060628
779,195,5,IID,0.5025641025641026,regularized_logistic,0.49347780349253095,0.5102290827933711,0.25013908598131174,0.693425474571439,0.5025641025641026,0.5003155901535872,0.00805439967410749,0.5,0.5025641025641026,0.2499934325629292,0.6931340456285304,-0.00014565341838254642,-0.000291428942908567
780,195,5,IID,0.517948717948718,regularized_logistic,0.48504318516958084,0.513283060306242,0.2499838314739594,0.6931165446523676,0.517948717948718,0.5,0.010334842109956499,0.5,0.517948717948718,0.25236450501664626,0.6978852141965893,0.0023806735426868675,0.004768669544221726
781,195,5,IID,0.5282051282051282,regularized_logistic,0.5180455888560574,0.5417743093683041,0.2493636524187664,0.6918741520305128,0.5282051282051282,0.5,0.013090378889999754,0.5,0.5282051282051282,0.2501460072609584,0.6934391975256794,0.0007823548421920234,0.0015650454951665616
782,195,5,IID,0.5230769230769231,regularized_logistic,0.4897744043854101,0.525959880426826,0.2496282666672256,0.6924046311926122,0.5230769230769231,0.5,0.012000009496515696,0.5,0.5230769230769231,0.25084583335522487,0.6948393446912807,0.001217566687999272,0.002434713498668528
783,195,5,IID,0.48205128205128206,regularized_logistic,0.4839898883505372,0.46525917321409904,0.2503928707128725,0.693938483477051,0.517948717948718,0.5,0.022407414392408176,0.5,0.48205128205128206,0.25070173502930837,0.6945510721536371,0.0003088643164358973,0.00061258867658609
784,195,5,IID,0.5333333333333333,regularized_logistic,0.5059171597633138,0.5270084215572769,0.2501059379974565,0.6933591581948418,0.5282051282051282,0.5288461538461539,0.03357823344742088,0.5,0.5333333333333333,0.24926075177014326,0.6916683467771984,-0.0008451862273132493,-0.0016908114176434896
785,195,5,IID,0.517948717948718,regularized_logistic,0.5404465978512746,0.559776310336035,0.2501178192934414,0.6933828258681317,0.48205128205128206,0.5,0.02308836543252979,0.5,0.517948717948718,0.24967896616281288,0.692504977564924,-0.0004388531306285248,-0.0008778483032076956
786,195,5,IID,0.4717948717948718,regularized_logistic,0.48343182777543264,0.46501400581886776,0.24973152095061477,0.6926174757893789,0.5282051282051282,0.5,0.02181277728235559,0.5,0.4717948717948718,0.2528570452837921,0.698870649582949,0.0031255243331773375,0.006253173793570044
787,195,5,IID,0.5333333333333333,regularized_logistic,0.5296914623837701,0.5903956737253626,0.2487665296294652,0.6906772736790823,0.5333333333333333,0.5,0.0017716230671360744,0.5,0.5333333333333333,0.24926075177014326,0.6916683467771984,0.0004942221406780689,0.0009910730981160798
788,195,5,IID,0.46153846153846156,regularized_logistic,0.4416931216931217,0.4309358778185329,0.25112666951546453,0.6954010124412587,0.46153846153846156,0.5,0.048833909097041994,0.5,0.46153846153846156,0.2487814514561322,0.6907087946629201,-0.002345218059332327,-0.004692217778338614
789,195,5,IID,0.49230769230769234,regularized_logistic,0.4748526936026936,0.4886522409333878,0.251307824565305,0.6957666258327155,0.49230769230769234,0.5,0.03219909539785171,0.5,0.49230769230769234,0.2511633820724729,0.6954769957820699,-0.00014444249283207533,-0.0002896300506456395
790,195,5,IID,0.441025641025641,regularized_logistic,0.49989332195434183,0.4553530571609652,0.24799957782989077,0.6891442510640159,0.558974358974359,0.5,0.03884782475483756,0.5,0.441025641025641,0.24935111970423776,0.6918493635466951,0.0013515418743469954,0.0027051124826792394
791,195,5,IID,0.49230769230769234,regularized_logistic,0.4862163299663299,0.4694187576244959,0.2525842640941689,0.6983360498957507,0.49230769230769234,0.5,0.04851586527885954,0.5,0.49230769230769234,0.2503242212333121,0.6937970066749158,-0.0022600428608567924,-0.004539043220834871
792,195,5,IID,0.5333333333333333,regularized_logistic,0.48753169907016064,0.5511339797059862,0.25036338089103227,0.6938739750835135,0.4666666666666667,0.5,0.03818384387849666,0.5,0.5333333333333333,0.24926075177014326,0.6916683467771984,-0.0011026291208890149,-0.0022056283063150994
793,195,5,IID,0.48205128205128206,regularized_logistic,0.4264798820307562,0.4370246756531718,0.2504740383724397,0.6940953417319607,0.48717948717948717,0.504950495049505,0.022770512801608984,0.5,0.48205128205128206,0.2505011042050862,0.6941495610302354,2.7065832646500088e-05,5.421929827464922e-05
794,195,5,IID,0.5025641025641026,regularized_logistic,0.509152114454029,0.5230629165528433,0.2499411523538577,0.6930293737439873,0.5282051282051282,0.5261413843888071,0.01262109605029876,0.5,0.5025641025641026,0.2502638358385917,0.693675280930105,0.0003226834847339932,0.0006459071861176779
795,195,5,IID,0.4564102564102564,regularized_logistic,0.48791604833580665,0.4269347033537063,0.2528568408232324,0.6988667592299113,0.4564102564102564,0.5,0.06838351096313505,0.5,0.4564102564102564,0.2533584121863611,0.6998724491379046,0.0005015713631287277,0.0010056899079933235
796,195,5,IID,0.49743589743589745,regularized_logistic,0.5574374079528718,0.544142829580852,0.25059668470903834,0.6943412701068918,0.49743589743589745,0.5,0.032603418468880596,0.5,0.49743589743589745,0.2504515069203273,0.6940513277069428,-0.00014517778871103726,-0.00028994239994906135
797,195,5,IID,0.4717948717948718,regularized_logistic,0.5372520050654285,0.5306326251366715,0.24987131400954002,0.6928896919184133,0.5282051282051282,0.5481743351625158,0.03224040700985139,0.5,0.4717948717948718,0.24936078697160585,0.6918684150875242,-0.0005105270379341664,-0.0010212768308891507
798,195,5,IID,0.5025641025641026,regularized_logistic,0.5332421628445192,0.5404282231342069,0.24950436365712778,0.6921558189493751,0.5230769230769231,0.5228802861350725,0.0114614772438026,0.5,0.5025641025641026,0.2499934325629292,0.6931340456285303,0.0004890689058014153,0.0009782266791552585
799,195,5,IID,0.5846153846153846,regularized_logistic,0.47509205111544295,0.5706453208639468,0.2539657985251325,0.701084381988875,0.4153846153846154,0.5,0.10455448795820199,0.5,0.5846153846153846,0.2532382718708789,0.6996264483265513,-0.0007275266542536296,-0.0014579336623237182
800,195,5,IID,0.517948717948718,regularized_logistic,0.5381293448493786,0.5515424276625868,0.2497373413930963,0.6926218253397358,0.5128205128205128,0.49504950495049505,0.013069451918596028,0.5,0.517948717948718,0.24982579654255094,0.6927987595902518,8.84551494546304e-05,0.0001769342505160143
801,195,5,IID,0.5333333333333333,regularized_logistic,0.511200338123415,0.5370133457078372,0.2528089760693693,0.6987725135132301,0.4666666666666667,0.5,0.0631445499023851,0.5,0.5333333333333333,0.2508316827174829,0.6948108198390613,-0.0019772933518864,-0.003961693674168765
802,195,5,IID,0.6,regularized_logistic,0.4537584922200307,0.5800320087531738,0.24562310359735076,0.6843865974252001,0.6,0.5,0.07495336136663977,0.5,0.6,0.2522641896045352,0.6976762746773069,0.006641086007184466,0.013289677252106724
803,195,5,IID,0.4717948717948718,regularized_logistic,0.433938370620515,0.4352664131545384,0.2506991941836197,0.6945457199091265,0.4564102564102564,0.45641620937104266,0.04859646416759715,0.5,0.4717948717948718,0.2495698241152786,0.6922867430763465,-0.0011293700683411012,-0.0022589768327799797
804,195,5,IID,0.48717948717948717,regularized_logistic,0.535578947368421,0.5117335683377955,0.2502031654465923,0.6935535600133922,0.48717948717948717,0.5,0.023092444928395295,0.5,0.48717948717948717,0.24983994718029284,0.6928270434125836,-0.00036321826629948095,-0.0007265166008085799
805,195,5,IID,0.4717948717948718,regularized_logistic,0.5568805403123681,0.5370989901762845,0.25066300686441545,0.6944733052913102,0.4717948717948718,0.5,0.04333740802793018,0.5,0.4717948717948718,0.25025017556948437,0.6936475434797102,-0.00041283129493108195,-0.0008257618115999898
806,195,5,IID,0.4717948717948718,regularized_logistic,0.4956732798649219,0.471412106164704,0.25031547648477187,0.6937781566819091,0.4717948717948718,0.5,0.033293728178284354,0.5,0.4717948717948718,0.2514335751901492,0.6960158876604668,0.001118098705377324,0.002237730978557728
807,195,5,IID,0.5230769230769231,regularized_logistic,0.4836601307189543,0.5149535449654221,0.2501923257635651,0.6935320657347112,0.5076923076923077,0.4985768500948766,0.01907921925567016,0.5,0.5230769230769231,0.25012057814462024,0.6933883388761546,-7.174761894485071e-05,-0.00014372685855656986
808,195,5,IID,0.4666666666666667,regularized_logistic,0.47601437024513954,0.44913380712760165,0.25111505852010424,0.6953780612073326,0.46153846153846156,0.4945054945054945,0.04936111548418026,0.5,0.4666666666666667,0.25041914259044246,0.6939855046446977,-0.0006959159296617834,-0.0013925565626349279
809,195,5,IID,0.5076923076923077,regularized_logistic,0.5911195286195287,0.5993164295640905,0.24945660502696654,0.6920552433783848,0.5076923076923077,0.5,0.02319927729885718,0.5,0.5076923076923077,0.249968003446591,0.6930831869790055,0.0005113984196244703,0.001027943600620751
810,195,5,IID,0.47692307692307695,regularized_logistic,0.48481973434535097,0.49356258506685635,0.2505153722108997,0.6941988452083758,0.5230769230769231,0.5,0.027172796326743187,0.5,0.47692307692307695,0.24954894842197628,0.692244891852486,-0.0009664237889234206,-0.0019539533558897704
811,195,5,IID,0.49230769230769234,regularized_logistic,0.5123106060606061,0.5225326369338298,0.2513228771789115,0.6958055545015913,0.5076923076923077,0.5,0.03737224784306198,0.5,0.49230769230769234,0.24995350254553858,0.6930541839224874,-0.0013693746333729162,-0.0027513705791039067
812,195,5,IID,0.4666666666666667,regularized_logistic,0.5096153846153846,0.49745519546639844,0.25353619264032434,0.7002330833168099,0.4666666666666667,0.5,0.06841729916037576,0.5,0.4666666666666667,0.25098012430844885,0.6951078624926478,-0.002556068331875494,-0.005125220824162113
813,195,5,IID,0.49743589743589745,regularized_logistic,0.4992636229749632,0.525572394714231,0.25275189879076143,0.6986858734515484,0.5025641025641026,0.5,0.05251272122813139,0.5,0.49743589743589745,0.2500038003569184,0.6931547831065854,-0.002748098433843049,-0.005531090344963019
814,195,5,IID,0.5025641025641026,regularized_logistic,0.42709867452135497,0.4636112590898056,0.251160016097884,0.6954716203159901,0.49743589743589745,0.5,0.03273186363638142,0.5,0.5025641025641026,0.2500901052366116,0.6933274594773883,-0.001069910861272394,-0.002144160838601805
815,195,5,IID,0.47692307692307695,regularized_logistic,0.4659498207885304,0.48125608224744776,0.24976712170885118,0.6926839745020632,0.5230769230769231,0.5,0.01694763760988649,0.5,0.47692307692307695,0.24952183804174782,0.6921906231838957,-0.0002452836671033576,-0.0004933513181675231
816,195,5,IID,0.5025641025641026,regularized_logistic,0.5220913107511045,0.5310012950304719,0.24999925748998672,0.6931456591243028,0.5025641025641026,0.5,0.007744224909268849,0.5,0.5025641025641026,0.24999588440610226,0.6931389495735193,-3.3730838844558964e-06,-6.709550783523532e-06
817,195,5,IID,0.5025641025641026,regularized_logistic,0.5335577529981064,0.5192672600862285,0.25011084223727836,0.6933685796886268,0.49743589743589745,0.5,0.017443814026917748,0.5,0.5025641025641026,0.250038266266666,0.6932237152245511,-7.257597061238741e-05,-0.0001448644640756891
818,195,5,IID,0.49230769230769234,regularized_logistic,0.5004208754208754,0.4984225148791271,0.24992140955661332,0.692989852060894,0.5128205128205128,0.5052083333333334,0.00317911214390537,0.5,0.49230769230769234,0.25008064812722963,0.6933084808755828,0.0001592385706163102,0.0003186288146888039
819,195,5,IID,0.5487179487179488,regularized_logistic,0.5043542905692439,0.5635179066323767,0.24770326508708726,0.6885472151737919,0.5487179487179488,0.5,0.008648075296454172,0.5,0.5487179487179488,0.25096842551387993,0.6950842541664137,0.0032651604267926737,0.006537038992621813
820,195,5,IID,0.5076923076923077,regularized_logistic,0.5306186868686869,0.5440538352655677,0.2517213910061882,0.696597344016189,0.49230769230769234,0.5,0.042695006994640905,0.5,0.5076923076923077,0.25028071853015504,0.6937087218243515,-0.0014406724760331335,-0.0028886221918374977
821,195,5,IID,0.5282051282051282,regularized_logistic,0.5558252427184466,0.6036088653797883,0.2541570294228078,0.7015026008562755,0.4717948717948718,0.5,0.07888327478093532,0.5,0.5282051282051282,0.24921010369545302,0.6915665831938025,-0.004946925727354806,-0.009936017662472985
822,195,5,IID,0.47692307692307695,regularized_logistic,0.5257221168037107,0.5006436570492189,0.2495241131098087,0.6921944131484227,0.5230769230769231,0.5,0.016255867395899237,0.5,0.47692307692307695,0.25012057814462024,0.6933883388761546,0.000596465034811533,0.0011939257277319149
823,195,5,IID,0.5538461538461539,regularized_logistic,0.5689655172413793,0.6438702694357361,0.2478348646489359,0.6888139072539877,0.5538461538461539,0.5,0.03887635350591945,0.5,0.5538461538461539,0.25008968492063915,0.693326550565195,0.0022548202717032617,0.004512643311207265
824,195,5,IID,0.5282051282051282,regularized_logistic,0.46855213170113974,0.5003925426224178,0.25338946688884767,0.6999400287704074,0.4717948717948718,0.5,0.06280871626040019,0.5,0.5282051282051282,0.2548764533738238,0.7029357119146311,0.0014869864849761383,0.0029956831442237153
825,195,5,IID,0.47692307692307695,regularized_logistic,0.5020029517183218,0.471114385879164,0.2508328586532235,0.6948384712414567,0.5230769230769231,0.5,0.0369950458303942,0.5,0.47692307692307695,0.24950019176916247,0.6921472834357345,-0.0013326668840610567,-0.002691187805722195
826,195,5,IID,0.5282051282051282,regularized_logistic,0.5530814689742507,0.5749525241723616,0.249092134087437,0.6913304262761241,0.5282051282051282,0.5,0.013177728066639194,0.5,0.5282051282051282,0.24944772232525797,0.692044724826682,0.00035558823782097515,0.0007142985505579347
827,195,5,IID,0.49230769230769234,regularized_logistic,0.48800505050505044,0.4721596829444652,0.25031565725580823,0.6937784178507974,0.48717948717948717,0.48090277777777773,0.023960240637689423,0.5,0.49230769230769234,0.2511633820724729,0.6954769957820699,0.0008477248166646745,0.0016985779312724825
828,195,5,IID,0.49743589743589745,regularized_logistic,0.5210393435724805,0.5443741177380219,0.2509933147462986,0.6951389649163017,0.5025641025641026,0.5,0.03284911368622351,0.5,0.49743589743589745,0.25003602458147905,0.6932192467730357,-0.0009572901648195464,-0.0019197181432659693
829,195,5,IID,0.4717948717948718,regularized_logistic,0.5034824820599408,0.47504129008608414,0.24999267872509073,0.6931325380271465,0.5076923076923077,0.504959898691431,0.02809624304036657,0.5,0.4717948717948718,0.25113234874316764,0.6954127041476089,0.0011396700180769104,0.0022801661204624457
830,195,5,IID,0.5128205128205128,regularized_logistic,0.49136842105263157,0.502429765455581,0.25036740948047187,0.6938821104982221,0.48717948717948717,0.5,0.022656730811732917,0.5,0.5128205128205128,0.24995987733778868,0.6930673144378009,-0.0004075321426831868,-0.0008147960604212301
831,195,5,IID,0.441025641025641,regularized_logistic,0.4620226157456795,0.444062590040956,0.249016919439315,0.6911808175567123,0.558974358974359,0.5,0.04881918591696183,0.5,0.441025641025641,0.2507158156143882,0.6945788771719207,0.0016988961750732112,0.0033980596152083375
832,195,5,IID,0.5076923076923077,regularized_logistic,0.4668560606060606,0.4797191993113723,0.2520274255163862,0.697209867693284,0.48205128205128206,0.4895833333333333,0.04652924332333761,0.5,0.5076923076923077,0.25008064812722963,0.6933084808755829,-0.001946777389156551,-0.0039013868177010247
833,195,5,IID,0.5076923076923077,regularized_logistic,0.4745370370370371,0.4840972487141228,0.25177535556136243,0.6967057956374914,0.49230769230769234,0.5,0.04277102692397633,0.5,0.5076923076923077,0.2504135383774753,0.6939745270783492,-0.0013618171838871151,-0.002731268559142186
834,195,5,IID,0.5230769230769231,regularized_logistic,0.4425469112376133,0.52721336891562,0.2540575110239147,0.7012924302318814,0.47692307692307695,0.5,0.06351073653490308,0.5,0.5230769230769231,0.24958152290984748,0.6923100863258116,-0.004475988114067242,-0.008982343906069779
835,195,5,IID,0.5487179487179488,regularized_logistic,0.439358538657604,0.5266141131985969,0.2506082296453215,0.6943636968132357,0.4512820512820513,0.5,0.05362901840881079,0.5,0.5487179487179488,0.2517765530237355,0.6967015365330946,0.001168323378414049,0.002337839719858903
836,195,5,IID,0.5282051282051282,regularized_logistic,0.44902912621359226,0.5022195456180132,0.24989468314127097,0.6929443712175657,0.5282051282051282,0.5,0.012088789254210863,0.5,0.5282051282051282,0.2501460072609584,0.6934391975256795,0.0002513241196874516,0.000494826308113816
837,195,5,IID,0.4512820512820513,regularized_logistic,0.4962829226847919,0.476626019593736,0.24887233411284496,0.690891832870486,0.5487179487179488,0.5,0.03389005832146563,0.5,0.4512820512820513,0.24933059427424573,0.6918082744190175,0.00045826016140076975,0.0009164415485315436
838,195,5,IID,0.49743589743589745,regularized_logistic,0.5891016200294551,0.5721679652058209,0.2498832533579349,0.6929132199462763,0.49743589743589745,0.5,0.0175565374213128,0.5,0.49743589743589745,0.25032092875819395,0.6937896470871363,0.0004376754002590466,0.0008764271408600033
839,195,5,IID,0.49743589743589745,regularized_logistic,0.5163054912686724,0.5417653802630509,0.25000724054218315,0.6931620097980269,0.5025641025641026,0.5,0.01327847351694128,0.5,0.49743589743589745,0.2502694400515588,0.6936862545407054,0.00026219950937567127,0.0005242447426785368
840,195,5,IID,0.47692307692307695,regularized_logistic,0.49125026354627876,0.47963768284936886,0.24962749137101004,0.692402194413098,0.5230769230769231,0.5,0.008291803085201499,0.5,0.47692307692307695,0.24971203101931883,0.6925712041903455,8.453964830879013e-05,0.00016900977724743083
841,195,5,IID,0.46153846153846156,regularized_logistic,0.5106878306878306,0.4752050647902548,0.24853152849333418,0.6902060344190902,0.5435897435897435,0.5079365079365079,0.00730678103439009,0.5,0.46153846153846156,0.2528417037507946,0.6988369739963772,0.004310175257460441,0.008630939577287
842,195,5,IID,0.49743589743589745,regularized_logistic,0.48884914790658535,0.47966654465618497,0.2534758032279478,0.7001434057138655,0.49743589743589745,0.5,0.058106465272482644,0.5,0.49743589743589745,0.2502122070266322,0.6935718862720807,-0.0032635962013156106,-0.006571519441784801
843,195,5,IID,0.5076923076923077,regularized_logistic,0.6034301346801346,0.6193092131178435,0.2522202876125126,0.6976006206838843,0.49230769230769234,0.5,0.052654211013827,0.5,0.5076923076923077,0.2501224695664967,0.6933921321174746,-0.002097818046015887,-0.004208488566409652
844,195,5,IID,0.4564102564102564,regularized_logistic,0.4491202035191859,0.4039914692657243,0.24890635547609521,0.6909786413973296,0.5435897435897435,0.5,0.021354199056692114,0.5,0.4564102564102564,0.2487041833698483,0.6905544719562892,-0.00020217210624692838,-0.00042416944104040066
845,195,5,IID,0.48205128205128206,regularized_logistic,0.551400884769328,0.5337258131601064,0.24995410973197302,0.6930572077657504,0.517948717948718,0.5,0.022618826344940335,0.5,0.48205128205128206,0.2497140625465194,0.69257530780323,-0.00024004718545361792,-0.0004818999625204601
846,195,5,IID,0.5076923076923077,regularized_logistic,0.5828072390572391,0.6019087778140736,0.24971998991412422,0.6925871104395651,0.5076923076923077,0.5,0.0025110740853088176,0.5,0.5076923076923077,0.250205692129058,0.6935593210723718,0.0004857022149337975,0.0009722106328067248
847,195,5,IID,0.5435897435897435,regularized_logistic,0.5323298706805173,0.5647197968037772,0.2586944884098171,0.7106386789664538,0.4564102564102564,0.5,0.10409947359723326,0.5,0.5435897435897435,0.251052068392414,0.6952516590449453,-0.007642420017403118,-0.015387019921508482
848,195,5,IID,0.48717948717948717,regularized_logistic,0.5765263157894738,0.5422482556083169,0.2519088935102071,0.6969719528136953,0.48717948717948717,0.5,0.048077872594138926,0.5,0.48717948717948717,0.2504715419816847,0.694090489341071,-0.0014373515285224236,-0.0028814634726243016
849,195,5,IID,0.5846153846153846,regularized_logistic,0.5165692007797271,0.5911357162007276,0.24624430500275704,0.6856296591308878,0.5846153846153846,0.5,0.05983461117924194,0.5,0.5846153846153846,0.2501405431533156,0.6934282671231797,0.003896238150558534,0.007798607992291928
850,195,5,IID,0.5487179487179488,regularized_logistic,0.5117884451996602,0.5865005628654523,0.24813618009446425,0.6894167006661318,0.5487179487179488,0.5,0.023665923181957593,0.5,0.5487179487179488,0.2541793593333789,0.7015189500527168,0.00604317923891462,0.012102249386584996
851,195,5,IID,0.49230769230769234,regularized_logistic,0.5,0.48790057197873293,0.25045987982382667,0.6940672961226856,0.49230769230769234,0.5,0.022667012420011567,0.5,0.49230769230769234,0.25242496046402885,0.6980128707619988,0.001965080640202177,0.003945574639313221
852,195,5,IID,0.5333333333333333,regularized_logistic,0.5154268808114961,0.5799906736779723,0.24884621492857384,0.6908376215550456,0.5333333333333333,0.5,0.0031447340597104967,0.5,0.5333333333333333,0.25068870523415965,0.6945247519484004,0.0018424903055858088,0.003687130393354776
853,195,5,IID,0.5282051282051282,regularized_logistic,0.5392570704938793,0.5753082131124981,0.2552477979060532,0.703685505299966,0.4717948717948718,0.5,0.0781548503606983,0.5,0.5282051282051282,0.24922068164742844,0.6915878232910883,-0.006027116258624732,-0.01209768200887773
854,195,5,IID,0.49743589743589745,regularized_logistic,0.4759099516095098,0.4752594445403263,0.2502459189089092,0.6936393541451064,0.5025641025641026,0.5,0.012748867360177107,0.5,0.49743589743589745,0.2500603328552239,0.6932678826184675,-0.0001855860536852938,-0.00037147152663885574
855,195,5,IID,0.4717948717948718,regularized_logistic,0.451667370198396,0.44547932448205196,0.2496470086400966,0.6924413495300241,0.5282051282051282,0.5,0.013036991063215597,0.5,0.4717948717948718,0.2507214898800173,0.6945904002361195,0.0010744812399207104,0.00214905070609539
856,195,5,IID,0.5487179487179488,regularized_logistic,0.4416949872557349,0.5157479299250127,0.250138970971937,0.6935573650512271,0.5487179487179488,0.5,0.040699509488569575,0.5,0.5487179487179488,0.2507800539055235,0.6947074075500638,0.0006410829335865009,0.0011500424988366564
857,195,5,IID,0.5076923076923077,regularized_logistic,0.5938552188552189,0.5840959867464733,0.24840154504777187,0.6899464390062232,0.5435897435897435,0.5478219696969697,0.030936895750933894,0.5,0.5076923076923077,0.2500342032122648,0.6932157355629942,0.001632658164492956,0.0032692965567709953
858,195,5,IID,0.4564102564102564,regularized_logistic,0.5358278566885732,0.4671835476668552,0.24903633229780878,0.6912190798814587,0.5282051282051282,0.4858490566037736,0.032911934025011906,0.5,0.4564102564102564,0.2516155019535936,0.6963793284367232,0.0025791696557848354,0.005160248555264535
859,195,5,IID,0.4512820512820513,regularized_logistic,0.5626593033135089,0.5438348361746529,0.25640574675823047,0.7059988951338302,0.4512820512820513,0.5,0.09377246511077525,0.5,0.4512820512820513,0.25041970301173905,0.6939866060838377,-0.005986043746491421,-0.01201228904999252
860,195,5,IID,0.48205128205128206,regularized_logistic,0.49220560353907733,0.47881587919962887,0.2513057164834525,0.6957881857518213,0.517948717948718,0.5,0.03606303043139586,0.5,0.48205128205128206,0.2508102466028837,0.6947682879548662,-0.0004954698805688107,-0.0010198977969551049
861,195,5,IID,0.5128205128205128,regularized_logistic,0.5370526315789474,0.5468968505108911,0.25201784253624876,0.6972190705164902,0.5128205128205128,0.5,0.04722284256340281,0.5,0.5128205128205128,0.24988513114734007,0.6929174340956964,-0.0021327113889086924,-0.004301636420793842
862,195,5,IID,0.5076923076923077,regularized_logistic,0.47211700336700335,0.4955727638717306,0.25056091744832265,0.6942695864635515,0.49230769230769234,0.5,0.02274930502745054,0.5,0.5076923076923077,0.25028071853015504,0.6937087218243514,-0.0002801989181676068,-0.0005608646392001315
863,195,5,IID,0.46153846153846156,regularized_logistic,0.4104761904761905,0.41981663849866413,0.2493686635144248,0.6919047905039695,0.5384615384615384,0.5,0.026649729677275913,0.5,0.46153846153846156,0.2495884581233943,0.6923240615684734,0.0002197946089695091,0.00041927106450390106
864,195,5,IID,0.5025641025641026,regularized_logistic,0.5415527035556491,0.5496057265876286,0.24972439170376168,0.6925958394959325,0.5025641025641026,0.5048390490216705,0.011983527779444267,0.5,0.5025641025641026,0.2500038003569184,0.6931547831065856,0.00027940865315670416,0.0005589436106531176
865,195,5,IID,0.47692307692307695,regularized_logistic,0.5485979337971748,0.506735046488616,0.24988934199322546,0.6929301078279387,0.5230769230769231,0.5,0.021961724191755128,0.5,0.47692307692307695,0.24976646193776175,0.692680085084807,-0.00012288005546370884,-0.0002500227431316837
866,195,5,IID,0.4666666666666667,regularized_logistic,0.5024302620456467,0.4792010259530428,0.2499479241524972,0.6930429337218328,0.4666666666666667,0.46634615384615385,0.03788887273369916,0.5,0.4666666666666667,0.25017143637729666,0.6934900561752043,0.00022351222479946586,0.000447122453371529
867,195,5,IID,0.5230769230769231,regularized_logistic,0.41619228336495884,0.46118230694640217,0.25031746434480046,0.6937910187612598,0.5230769230769231,0.5,0.012913254025936682,0.5,0.5230769230769231,0.2499625393389481,0.6930722591702335,-0.0003549250058523523,-0.0007187595910262967
868,195,5,IID,0.5025641025641026,regularized_logistic,0.45960446034083735,0.48354048303211916,0.25076543393591844,0.6946778257418854,0.4307692307692308,0.4310961498001262,0.07988978491605414,0.5,0.5025641025641026,0.25012926467471913,0.6934057475123735,-0.0006361692611993042,-0.0012720782295119193
869,195,5,IID,0.4717948717948718,regularized_logistic,0.5366188265090756,0.49305006401194895,0.2510343807718445,0.695216599636353,0.4717948717948718,0.5,0.04323102462396977,0.5,0.4717948717948718,0.2534810043450163,0.700124632898695,0.0024466235731718244,0.004908033262342015
870,195,5,IID,0.5743589743589743,regularized_logistic,0.525064543889845,0.5874624228713801,0.26107520932604655,0.7153986908519214,0.4256410256410256,0.5,0.12933455313915682,0.5,0.5743589743589743,0.25171322541720736,0.6965741766625972,-0.009361983908839189,-0.018824514189324182
871,195,5,IID,0.4512820512820513,regularized_logistic,0.5503398470688191,0.5183632248070363,0.25492290135002926,0.7030147123627736,0.4512820512820513,0.5,0.08843498072472361,0.5,0.4512820512820513,0.25472548988702265,0.7026162579875809,-0.00019741146300661372,-0.00039845437519270277
872,195,5,IID,0.5076923076923077,regularized_logistic,0.4922138047138047,0.4956000466686921,0.25000891004525755,0.6931650785140642,0.5128205128205128,0.5058396464646464,0.007536135758938777,0.5,0.5076923076923077,0.2500342032122648,0.6932157355629941,2.5293167007278683e-05,5.0657048929925175e-05
873,195,5,IID,0.5230769230769231,regularized_logistic,0.5373181530676786,0.5478778782731797,0.2506365308940966,0.6944208421210332,0.4666666666666667,0.489247311827957,0.04384543564490233,0.5,0.5230769230769231,0.24962271387515572,0.6923934690110674,-0.0010138170189408768,-0.002027373109965813
874,195,5,IID,0.5641025641025641,regularized_logistic,0.5741176470588235,0.6105827058225364,0.24723735192719207,0.6876172077026007,0.5641025641025641,0.5,0.03910844141750447,0.5,0.5641025641025641,0.24839616181464422,0.6899387115513352,0.0011588098874521502,0.0023215038487345296
875,195,5,IID,0.5128205128205128,regularized_logistic,0.4710526315789474,0.5104465954173517,0.25168131860311976,0.6965150039688212,0.48717948717948717,0.5,0.04288355703224778,0.5,0.5128205128205128,0.2498495443949989,0.6928462452943598,-0.0018317742081208621,-0.00366875867446137
876,195,5,IID,0.4564102564102564,regularized_logistic,0.5447318210727157,0.5234307532557795,0.25679873092075706,0.7067978515815286,0.4564102564102564,0.5,0.09362568699727775,0.5,0.4564102564102564,0.24992863385049716,0.6930044481315771,-0.006870097070259901,-0.013793403449951502
877,195,5,IID,0.5025641025641026,regularized_logistic,0.5092573111718914,0.5690414992400123,0.25069703329677717,0.6945471584329465,0.49743589743589745,0.5,0.027967190700523004,0.5,0.5025641025641026,0.2500049211995118,0.6931570229685541,-0.0006921120972653849,-0.0013901354643923725
878,195,5,IID,0.5025641025641026,regularized_logistic,0.47012413212707765,0.49695328414065015,0.25057530468050093,0.6942996164062593,0.5025641025641026,0.5,0.022128185032687986,0.5,0.5025641025641026,0.2502694400515588,0.6936862545407055,-0.00030586462894210964,-0.0006133618655537187
879,195,5,IID,0.5230769230769231,regularized_logistic,0.518448239510858,0.5416722915915861,0.25713143797083465,0.7075181040333625,0.47692307692307695,0.5,0.08857254051288727,0.5,0.5230769230769231,0.24948400960422001,0.692114876443197,-0.007647428366614639,-0.015403227590165436
880,195,5,IID,0.4307692307692308,regularized_logistic,0.4962462462462463,0.4636992280522775,0.2499576474503873,0.6930624703422006,0.5025641025641026,0.4979086229086229,0.06906462844780616,0.5,0.4307692307692308,0.25058923045399384,0.6943256686879651,0.0006315830036065506,0.0012631983457644935
881,195,5,IID,0.4666666666666667,regularized_logistic,0.4978867286559594,0.48682580465235126,0.2490381914693339,0.6912230625607448,0.5333333333333333,0.5,0.008370219959501157,0.5,0.4666666666666667,0.2519855201147463,0.6971211913636521,0.0029473286454123893,0.005898128802907299
882,195,5,IID,0.4666666666666667,regularized_logistic,0.5532544378698225,0.5243604607729085,0.25109837122708034,0.6953445103620599,0.4666666666666667,0.5,0.04853082904521322,0.5,0.4666666666666667,0.24919973590146385,0.691546206991153,-0.0018986353256164878,-0.003798303370906919
883,195,5,IID,0.5487179487179488,regularized_logistic,0.4933092608326253,0.5539183188989907,0.24822322986226522,0.6895912672483134,0.5487179487179488,0.5,0.02369994237498463,0.5,0.5487179487179488,0.24763721127357485,0.6884142497132282,-0.0005860185886903679,-0.0011770175350852563
884,195,5,IID,0.5538461538461539,regularized_logistic,0.54320987654321,0.6101784358523908,0.263415220896411,0.7202205098608333,0.4461538461538462,0.5,0.12916820415810126,0.5,0.5538461538461539,0.25065648100959903,0.6944602026664759,-0.012758739886811976,-0.0257603071943574
885,195,5,IID,0.5333333333333333,regularized_logistic,0.5338123415046493,0.5665399822254713,0.263283151090335,0.7200865257733878,0.4666666666666667,0.5,0.12306561538845705,0.5,0.5333333333333333,0.2514582337272044,0.6960649412356862,-0.011824917363130627,-0.024021584537701646
886,195,5,IID,0.441025641025641,regularized_logistic,0.5400042671218264,0.49390771796316646,0.25567198803719576,0.704518937065543,0.441025641025641,0.5,0.09990811319039361,0.5,0.441025641025641,0.24917801957621646,0.6915031025104863,-0.006493968460979299,-0.013015834555056727
887,195,5,IID,0.441025641025641,regularized_logistic,0.4104971196927672,0.42854431202230037,0.24730707852768624,0.6877571424812817,0.558974358974359,0.5,0.01958471729341682,0.5,0.441025641025641,0.25071581561438816,0.6945788771719207,0.0034087370867019184,0.006821734690638959
888,195,5,IID,0.49743589743589745,regularized_logistic,0.47464759099516096,0.47671457387177996,0.25022015823496563,0.6935875850150197,0.5076923076923077,0.5099936881969283,0.007471320721470906,0.5,0.49743589743589745,0.2501660423223157,0.6934794555693811,-5.411591264992133e-05,-0.00010812944563864946
889,195,5,IID,0.5282051282051282,regularized_logistic,0.548332629801604,0.582230167227378,0.2560825248028696,0.7053734939911661,0.4717948717948718,0.5,0.0836062920221291,0.5,0.5282051282051282,0.24920498985112055,0.6915563187925112,-0.006877534951749031,-0.013817175198654885
890,195,5,IID,0.48717948717948717,regularized_logistic,0.5063157894736843,0.4819764168035433,0.2503207481888039,0.6937916525284374,0.5128205128205128,0.5,0.022532991628252175,0.5,0.48717948717948717,0.2500697199119438,0.693286621577105,-0.0002510282768600769,-0.0005050309513324747
891,195,5,IID,0.49230769230769234,regularized_logistic,0.5990109427609428,0.6071655709205925,0.2526467795090054,0.6984806694702287,0.5076923076923077,0.5,0.061936283578061524,0.5,0.49230769230769234,0.24994089306636266,0.6930289620531422,-0.0027058864426427187,-0.005451707417086449
892,195,5,IID,0.5230769230769231,regularized_logistic,0.5723170988825638,0.5791170577483405,0.249584914123044,0.6923169463675128,0.5230769230769231,0.5,0.01797056149251086,0.5,0.5230769230769231,0.2497120310193188,0.6925712041903455,0.00012711689627478706,0.00025425782283261533
893,195,5,IID,0.5076923076923077,regularized_logistic,0.5309343434343434,0.5385812374269128,0.2584862386418818,0.7103555022176831,0.49230769230769234,0.5,0.09274590762292834,0.5,0.5076923076923077,0.24994278448823895,0.6930327460336976,-0.008543454153642854,-0.017322756183985488
894,195,5,IID,0.4564102564102564,regularized_logistic,0.48791604833580665,0.437284937833609,0.2482096327594312,0.6895627789822639,0.5435897435897435,0.5,0.008600599322550528,0.5,0.4564102564102564,0.24855258940908836,0.6902507663271535,0.00034295664965716677,0.0006879873448896179
895,195,5,IID,0.5128205128205128,regularized_logistic,0.5840000000000001,0.6449771234132922,0.2495171210461016,0.6921672421210381,0.5128205128205128,0.5,0.031501326722500056,0.5,0.5128205128205128,0.25074621846973455,0.69464033839934,0.0012290974236329466,0.002473096278301945
896,195,5,IID,0.4564102564102564,regularized_logistic,0.49788000847996605,0.4451616375834734,0.2500343518547238,0.6932158861442304,0.5230769230769231,0.5243799024803901,0.043616237938925814,0.5,0.4564102564102564,0.25517032429128594,0.7035141336151335,0.005135972436562164,0.010298247470903132
897,195,5,IID,0.5076923076923077,regularized_logistic,0.492003367003367,0.5266609107469916,0.24994746310053959,0.6930421062717415,0.5076923076923077,0.5,0.0023677702901393483,0.5,0.5076923076923077,0.24994446575212922,0.693036108601141,-2.9973484103607007e-06,-5.997670600499383e-06
898,195,5,IID,0.5384615384615384,regularized_logistic,0.548042328042328,0.5885414214815399,0.2507006205360844,0.6945485824927101,0.46153846153846156,0.5,0.04830738980579463,0.5,0.5384615384615384,0.24981542874856177,0.6927780350818565,-0.0008851917875226101,-0.0017705474108535846
899,195,5,IID,0.4512820512820513,regularized_logistic,0.4567757009345795,0.4431975800247768,0.2536336027929454,0.7004245393438673,0.4512820512820513,0.5,0.0735901087929211,0.5,0.4512820512820513,0.24976457051588538,0.6926763177828067,-0.0038690322770600083,-0.0077482215610605865
900,195,5,IID,0.5282051282051282,regularized_logistic,0.5736597720557196,0.6237548945801672,0.2536689626367404,0.7005028364585463,0.4717948717948718,0.5,0.06856597652461122,0.5,0.5282051282051282,0.2499540629668354,0.6930553064105694,-0.0037148996699049863,-0.007447530047976825
901,195,5,IID,0.5282051282051282,regularized_logistic,0.527648796960743,0.5594209882208783,0.24971037631760523,0.6925679099047833,0.5282051282051282,0.5,0.023241361839501762,0.5,0.5282051282051282,0.25128022991283694,0.6957087905265997,0.0015698535952317072,0.0031408806218163887
902,195,5,IID,0.46153846153846156,regularized_logistic,0.543068783068783,0.461605101290378,0.25545576592705055,0.7040935406846526,0.46153846153846156,0.5,0.08345099409504364,0.5,0.46153846153846156,0.24858285215911058,0.6903105125787379,-0.00687291376793997,-0.013783028105914696
903,195,5,IID,0.5333333333333333,regularized_logistic,0.4656593406593406,0.4923007748556927,0.2506025506160314,0.6943523262969856,0.441025641025641,0.46703296703296704,0.06425324962746384,0.5,0.5333333333333333,0.2508316827174829,0.6948108198390613,0.0002291321014514791,0.0004584935420757219
904,195,5,IID,0.49743589743589745,regularized_logistic,0.48474647590995157,0.4707964701368721,0.2501369416465788,0.6934210942469232,0.48717948717948717,0.4846938775510204,0.01792453330652686,0.5,0.49743589743589745,0.2506973217115967,0.6945433343415137,0.0005603800650179069,0.0011222400945904987
905,195,5,IID,0.5025641025641026,regularized_logistic,0.520092573111719,0.5124892829612316,0.2499369800922272,0.6930211985418858,0.5025641025641026,0.5004207868714496,0.0029348359922123247,0.5,0.5025641025641026,0.2509850279947951,0.6951203746548225,0.0010480479025679057,0.0020991761129366404
906,195,5,IID,0.4461538461538462,regularized_logistic,0.5001064282673479,0.43896828102266744,0.24861732660801827,0.6903791577163879,0.5384615384615384,0.492816091954023,0.034127577956814203,0.5,0.4461538461538462,0.24820183573000998,0.6895490462745664,-0.00041549087800829554,-0.0008301114418215461
907,195,5,IID,0.4564102564102564,regularized_logistic,0.34926860292558826,0.3852839982206276,0.2530840731803116,0.6993192671106607,0.4564102564102564,0.5,0.058764382139767035,0.5,0.4564102564102564,0.252443244208834,0.6980372480351853,-0.0006408289714776028,-0.0012820190754754268
908,195,5,IID,0.47692307692307695,regularized_logistic,0.5217162133670672,0.5599224707972051,0.24932491400500376,0.6917959148498826,0.5230769230769231,0.5,0.006571839684145542,0.5,0.47692307692307695,0.25183882984033257,0.6968286395383398,0.0025139158353288116,0.00503272468845728
909,195,5,IID,0.4512820512820513,regularized_logistic,0.49097281223449446,0.45900149479219976,0.24799150343348594,0.6891263652704984,0.5487179487179488,0.5,0.01843646226690926,0.5,0.4512820512820513,0.25116226122987956,0.6954720786478873,0.003170757796393614,0.006345713377388873
910,195,5,IID,0.5025641025641026,regularized_logistic,0.49558173784977905,0.4984532304395281,0.2548090999722392,0.7028787893761888,0.5025641025641026,0.5,0.06686164994923971,0.5,0.5025641025641026,0.2500049211995118,0.6931570229685541,-0.00480417877272743,-0.009721766407634669
911,195,5,IID,0.5435897435897435,regularized_logistic,0.5352978588085648,0.5747096419545437,0.24815702836293554,0.6894576779404327,0.5435897435897435,0.5,0.021497340302883305,0.5,0.5435897435897435,0.2500727321764137,0.6932926450458669,0.0019157038134781368,0.003834967105434184
912,195,5,IID,0.5435897435897435,regularized_logistic,0.4246343014627942,0.5015640483776889,0.25249626436392253,0.6981435296814493,0.4564102564102564,0.5,0.06306537015653563,0.5,0.5435897435897435,0.24814088991399283,0.6894246425999931,-0.0043553744499297,-0.008718887081456184
913,195,5,IID,0.48717948717948717,regularized_logistic,0.5074736842105263,0.5179496802727472,0.2502843541458762,0.6937185418432799,0.5128205128205128,0.5,0.022314332499407397,0.5,0.48717948717948717,0.250512802999655,0.6941779072118645,0.00022844885377881763,0.00045936536858459665
914,195,5,IID,0.4307692307692308,regularized_logistic,0.4796224796224796,0.4088184098013504,0.24873370695933805,0.6906142788247817,0.5692307692307692,0.5,0.05924041275788,0.5,0.4307692307692308,0.2542037376597858,0.7015626010931348,0.00547003070044777,0.010948322268353183
915,195,5,IID,0.4717948717948718,regularized_logistic,0.44871253693541585,0.4612224251692515,0.2499573530679071,0.6930619398740909,0.5333333333333333,0.5054347826086957,0.02831224036176475,0.5,0.4717948717948718,0.2517566580677025,0.6966631630278856,0.001799304999795387,0.0036012231537946304
916,195,5,IID,0.4256410256410256,regularized_logistic,0.43158347676419967,0.40894633966381283,0.24685754816330308,0.6868574555663063,0.5743589743589743,0.5,0.04497371642054654,0.5,0.4256410256410256,0.25513845033003557,0.703436505000216,0.008280902166732496,0.016579049433909754
917,195,5,IID,0.4717948717948718,regularized_logistic,0.49873364288729427,0.46787311896758166,0.2496102434698485,0.6923726197138818,0.5282051282051282,0.5,0.016875661618992788,0.5,0.4717948717948718,0.24923672370704675,0.6916200487065335,-0.00037351976280175503,-0.0007525710073482683
918,195,5,IID,0.5282051282051282,regularized_logistic,0.4184254959898691,0.4711472272436283,0.24968223020261834,0.6925116558354882,0.5282051282051282,0.5,0.01820217495191312,0.5,0.5282051282051282,0.24936078697160585,0.6918684150875242,-0.0003214432310124915,-0.0006432407479640689
919,195,5,IID,0.5435897435897435,regularized_logistic,0.41255034979860083,0.4771971681680452,0.2633789924137649,0.7201946058772168,0.4564102564102564,0.5,0.11948690609226992,0.5,0.5435897435897435,0.2489725551183103,0.6910918017019106,-0.0144064372954546,-0.029102804175306196
920,195,5,IID,0.4717948717948718,regularized_logistic,0.4591599831152385,0.4661005145613726,0.252681530857676,0.698518211622871,0.4717948717948718,0.5,0.05805891340287683,0.5,0.4717948717948718,0.24936078697160585,0.6918684150875242,-0.003320743886070121,-0.006649796535346808
921,195,5,IID,0.5076923076923077,regularized_logistic,0.5196759259259259,0.5223098126024417,0.24988945307148713,0.692926072026807,0.517948717948718,0.5170454545454546,0.014746038590286547,0.5,0.5076923076923077,0.2499812433997258,0.6931097094654176,9.179032823866673e-05,0.00018363743861060655
922,195,5,IID,0.47692307692307695,regularized_logistic,0.5028462998102466,0.49938586425968484,0.24973824002693784,0.6926267730991909,0.5230769230769231,0.5,0.015916825749980712,0.5,0.47692307692307695,0.2512386186315563,0.6956257865387399,0.0015003786046184353,0.002999013439549003
923,195,5,IID,0.48205128205128206,regularized_logistic,0.4752475247524753,0.472387001068979,0.24970829360474442,0.6925637289376655,0.517948717948718,0.5,0.002019823276396271,0.5,0.48205128205128206,0.24978831836833343,0.692723790144611,8.002476358900945e-05,0.00016006120694556092
924,195,5,IID,0.47692307692307695,regularized_logistic,0.4781783681214421,0.5131265203340549,0.2498223060470699,0.6927917917938797,0.5230769230769231,0.5,0.01815008867872908,0.5,0.47692307692307695,0.2507258331450668,0.6945991759168594,0.0009035270979969034,0.0018073841229796495
925,195,5,IID,0.4564102564102564,regularized_logistic,0.5210939156243375,0.46811868582732297,0.24940832710772215,0.6919634826704867,0.5230769230769231,0.498251006995972,0.03834770614942399,0.5,0.4564102564102564,0.2500727321764137,0.6932926450458669,0.0006644050686915315,0.0013291623753801662
926,195,5,IID,0.5692307692307692,regularized_logistic,0.5388245388245388,0.610999510492871,0.24810353437664182,0.6893531205171012,0.5692307692307692,0.5,0.05423446468097237,0.5,0.5692307692307692,0.25270426042777655,0.698557996199292,0.004600726051134735,0.00920487568219086
927,195,5,IID,0.5076923076923077,regularized_logistic,0.5812289562289562,0.5850552791196157,0.2500651375242303,0.6932673123230987,0.49743589743589745,0.5050505050505051,0.04331641869228341,0.5,0.5076923076923077,0.25136681500317865,0.6958941084534931,0.0013016774789483265,0.0026267961303944043
928,195,5,IID,0.46153846153846156,regularized_logistic,0.5397883597883597,0.49874266817643853,0.25040948894688503,0.6939661865835983,0.46153846153846156,0.5,0.043506011785130805,0.5,0.46153846153846156,0.24948316897227493,0.6921134463275487,-0.0009263199746100959,-0.0018527402560496453
929,195,5,IID,0.517948717948718,regularized_logistic,0.5114809353275753,0.5192018004793044,0.24955894546097102,0.6922649806895799,0.517948717948718,0.5,0.0032997076912486545,0.5,0.517948717948718,0.24991714521391462,0.6929814696799558,0.00035819975294359985,0.0007164889903759075
930,195,5,IID,0.4717948717948718,regularized_logistic,0.5290206838328408,0.5020857188013014,0.24955757694708128,0.6922618816937106,0.5076923076923077,0.5101836217813424,0.028974862156061786,0.5,0.4717948717948718,0.24950936866789614,0.6921657846037577,-4.8208279185141256e-05,-9.609708995295119e-05
931,195,5,IID,0.5025641025641026,regularized_logistic,0.5455501788344204,0.5496546192172678,0.25203999722218345,0.6972422409864258,0.49743589743589745,0.5,0.04848790126630714,0.5,0.5025641025641026,0.25052499216285845,0.6941986608967874,-0.001515005059325003,-0.0030435800896384535
932,195,5,IID,0.5282051282051282,regularized_logistic,0.4912410299704517,0.5230622321364135,0.2503104697804382,0.6937681421369374,0.4717948717948718,0.5,0.03320935268111774,0.5,0.5282051282051282,0.2508529787267578,0.6948535192047538,0.0005425089463196309,0.0010853770678164176
933,195,5,IID,0.5230769230769231,regularized_logistic,0.5364748049757537,0.5746413556384005,0.24976090039402316,0.692668960052079,0.5230769230769231,0.5,0.01803059593763101,0.5,0.5230769230769231,0.2494732915469203,0.6920934067621084,-0.00028760884710285484,-0.0005755532899706095
934,195,5,IID,0.46153846153846156,regularized_logistic,0.43798941798941793,0.415597202620244,0.2572906993478802,0.7078007192626977,0.46153846153846156,0.5,0.09352837916946288,0.5,0.46153846153846156,0.24889913992844123,0.6909445730780162,-0.008391559419438949,-0.016856146184681564
935,195,5,IID,0.5435897435897435,regularized_logistic,0.5766376934492262,0.6102532954093058,0.24729815620898274,0.6877381829898853,0.5692307692307692,0.5316938732245071,0.05214972816510704,0.5,0.5435897435897435,0.24878817651169263,0.6907226805993886,0.0014900203027098935,0.002984497609503256
936,195,5,IID,0.49230769230769234,regularized_logistic,0.46875,0.4548473399254466,0.25139435093596957,0.6959477880049899,0.5076923076923077,0.5,0.03211081291672674,0.5,0.49230769230769234,0.25000499125217374,0.6931572474730096,-0.0013893596837958322,-0.0027905405319803567
937,195,5,IID,0.49230769230769234,regularized_logistic,0.4378156565656566,0.44438856549041716,0.2519201014618409,0.6969968473127583,0.49230769230769234,0.5,0.042692845471398844,0.5,0.49230769230769234,0.25015462373839537,0.6934569646775195,-0.001765477723445541,-0.0035398826352388557
938,195,5,IID,0.41025641025641024,regularized_logistic,0.5060869565217392,0.4243425165819381,0.2743484487490356,0.7424841102804333,0.41025641025641024,0.5,0.1801996531189283,0.5,0.41025641025641024,0.2527191115921395,0.6985868876806511,-0.021629337156896078,-0.043897222599782126
939,195,5,IID,0.5487179487179488,regularized_logistic,0.5176295666949873,0.5974602965027194,0.24803565793122084,0.6892236967151216,0.5487179487179488,0.5,0.021457797830383152,0.5,0.5487179487179488,0.24894579500139233,0.6910383698863405,0.000910137070171485,0.0018146731712188613
940,195,5,IID,0.5076923076923077,regularized_logistic,0.5108375420875421,0.5506382252901874,0.2499164690802242,0.6929800840362226,0.5384615384615384,0.5416666666666666,0.03114349964394133,0.5,0.5076923076923077,0.24998796845528634,0.6931231174492258,7.149937506215065e-05,0.00014303341300325734
941,195,5,IID,0.5384615384615384,regularized_logistic,0.5171428571428571,0.5890883075628178,0.2518493664825569,0.6968479909726457,0.46153846153846156,0.5,0.05845171414195893,0.5,0.5384615384615384,0.25221438216179015,0.6975792196994188,0.0003650156792332493,0.0007312287267731143
942,195,5,IID,0.47692307692307695,regularized_logistic,0.5274088129875607,0.48538648569764664,0.2495913063323756,0.692329660060346,0.5230769230769231,0.5,0.012960822624238588,0.5,0.47692307692307695,0.2497120310193188,0.6925712041903455,0.0001207246869431855,0.00024154412999943808
943,195,5,IID,0.47692307692307695,regularized_logistic,0.36907020872865276,0.3926356167009361,0.260126126257806,0.7136283033603564,0.47692307692307695,0.5,0.09327244335304358,0.5,0.47692307692307695,0.2513804752722859,0.6959099474934214,-0.008745650985520104,-0.017718355866935043
944,195,5,IID,0.4205128205128205,regularized_logistic,0.49287718540902214,0.44153271862907734,0.24411564587577306,0.6813408159950941,0.5794871794871795,0.5,0.018245030232762416,0.5,0.4205128205128205,0.2481829215112461,0.6895123101589753,0.004067275635473044,0.008171494163881188
945,195,5,IID,0.49230769230769234,regularized_logistic,0.4668560606060606,0.456336021031003,0.25120005868847267,0.6955500796098859,0.48717948717948717,0.4881628787878788,0.021763269661109506,0.5,0.49230769230769234,0.25001339757162455,0.6931739757282182,-0.00118666111684812,-0.002376103881667757
946,195,5,IID,0.5538461538461539,regularized_logistic,0.5555555555555555,0.5926196586914332,0.24982822566369706,0.692803629066776,0.5641025641025641,0.5595466155810984,0.06260575429342191,0.5,0.5538461538461539,0.25148870663521306,0.6961252356442249,0.0016604809715159985,0.0033216065774489545
947,195,5,IID,0.5333333333333333,regularized_logistic,0.5172231614539307,0.5521039186859437,0.25115583293572424,0.6954595470620353,0.4666666666666667,0.5,0.048273882206668894,0.5,0.5333333333333333,0.25256198347107434,0.6982769776273259,0.0014061505353500925,0.0028174305652906018
948,195,5,IID,0.47692307692307695,regularized_logistic,0.42409867172675525,0.4418205401748933,0.2509860160852411,0.6951493500381138,0.5230769230769231,0.5,0.03705867460949641,0.5,0.47692307692307695,0.2512386186315563,0.6956257865387399,0.00025260254631515044,0.0004764365006260096
949,195,5,IID,0.49230769230769234,regularized_logistic,0.4925294612794613,0.47193023070878465,0.2501509673035347,0.6934491280216369,0.48717948717948717,0.47995580808080807,0.02269624619727543,0.5,0.49230769230769234,0.24994446575212922,0.6930361086011408,-0.00020650155140547466,-0.00041301942049609686
950,195,5,IID,0.5128205128205128,regularized_logistic,0.4434736842105263,0.46280786746206526,0.25019066007870816,0.6935287994498652,0.5128205128205128,0.5,0.0029369203995375237,0.5,0.5128205128205128,0.24983581407322955,0.6928187729015999,-0.00035484600547860956,-0.0007100265482653523
951,195,5,IID,0.5076923076923077,regularized_logistic,0.4514941077441077,0.4791045770411826,0.2527570333720852,0.6986821516319531,0.49230769230769234,0.5,0.052629140463520685,0.5,0.5076923076923077,0.25034439639999373,0.6938361460531769,-0.0024126369720914864,-0.004846005578776236
952,195,5,IID,0.49743589743589745,regularized_logistic,0.5072585735325057,0.5090174472953889,0.2527813388317202,0.6987458515508884,0.5025641025641026,0.5,0.05269564391418702,0.5,0.49743589743589745,0.2501292646747192,0.6934057475123735,-0.0026520741570010276,-0.005340104038514926
953,195,5,IID,0.40512820512820513,regularized_logistic,0.5380838061981668,0.4334183745173662,0.25200994557356504,0.6971676285562481,0.40512820512820513,0.5,0.10497703929139779,0.5,0.40512820512820513,0.24650656130746287,0.6861565656245107,-0.005503384266102168,-0.01101106293173748
954,195,5,IID,0.48205128205128206,regularized_logistic,0.5294923109332209,0.5059832890932878,0.2509577999851177,0.6950641712479037,0.48205128205128206,0.5,0.03844881905910785,0.5,0.48205128205128206,0.25187504706663233,0.6969024025859785,0.0009172470815146383,0.0018382313380748139
955,195,5,IID,0.4666666666666667,regularized_logistic,0.397083685545224,0.4051373722336612,0.2519337495862393,0.697017044213721,0.46153846153846156,0.4945054945054945,0.053024013452466504,0.5,0.4666666666666667,0.24926075177014326,0.6916683467771985,-0.002672997816096062,-0.005348697436522554
956,195,5,IID,0.5076923076923077,regularized_logistic,0.4473905723905724,0.48642595781711007,0.2534754226685444,0.7001686548739614,0.5076923076923077,0.5,0.056857438346580524,0.5,0.5076923076923077,0.2499812433997258,0.6931097094654176,-0.0034941792688185924,-0.007058945408543793
957,195,5,IID,0.48717948717948717,regularized_logistic,0.4607368421052631,0.45698702988336753,0.25427761582136393,0.7017497927585997,0.48717948717948717,0.5,0.06344989114527472,0.5,0.48717948717948717,0.24984954439499887,0.69284624529436,-0.00442807142636506,-0.008903547464239714
958,195,5,IID,0.558974358974359,regularized_logistic,0.5315767015148283,0.604432962634671,0.24686851722258107,0.6868744448558506,0.558974358974359,0.5,0.02798019043100286,0.5,0.558974358974359,0.2539605848696757,0.701076959472582,0.007092067647094635,0.014202514616731388
959,195,5,IID,0.47692307692307695,regularized_logistic,0.48028673835125446,0.4855104399112157,0.25120848071327073,0.6956046616282399,0.5230769230769231,0.5,0.03717226811017138,0.5,0.47692307692307695,0.2539401995450079,0.7010527702137703,0.0027317188317371732,0.0054481085855304645
960,195,5,IID,0.5743589743589743,regularized_logistic,0.46407056798623064,0.5464617995353721,0.24773431849473,0.6886151140193918,0.5743589743589743,0.5,0.04994976009286578,0.5,0.5743589743589743,0.2477201536254879,0.6885857763448694,-1.416486924207816e-05,-2.9337674522400548e-05
961,195,5,IID,0.4666666666666667,regularized_logistic,0.5188081149619611,0.5135901230349735,0.24904329533550815,0.691232966788228,0.5333333333333333,0.5,0.013291691834857955,0.5,0.4666666666666667,0.2521722104592127,0.6974953741489394,0.0031289151237045287,0.006262407360711375
962,195,5,IID,0.5076923076923077,regularized_logistic,0.4319234006734006,0.5049727604351073,0.2508264329234949,0.6948011519341517,0.5076923076923077,0.5149936868686869,0.018111878075452822,0.5,0.5076923076923077,0.2500133975716245,0.693173975728218,-0.0008130353518703837,-0.001627176205933667
963,195,5,IID,0.47692307692307695,regularized_logistic,0.4779675310984609,0.45450633245225563,0.253486670762543,0.7001392593526904,0.47692307692307695,0.5,0.06315765230265541,0.5,0.47692307692307695,0.25050222504767955,0.6941517504697245,-0.0029844457148634485,-0.005987508882965842
964,195,5,IID,0.49743589743589745,regularized_logistic,0.48337891857774035,0.4964817013536987,0.25045441676976044,0.6940565122601231,0.5025641025641026,0.5026299179465601,0.006777622982397955,0.5,0.49743589743589745,0.24999644482739908,0.6931400702088899,-0.0004579719423613571,-0.0009164420512332017
965,195,5,IID,0.5487179487179488,regularized_logistic,0.586661002548853,0.6017982126805934,0.2464836913872387,0.6860761921828571,0.5487179487179488,0.5,0.015364702813222886,0.5,0.5487179487179488,0.2531526675178065,0.6994586181798929,0.0066689761305678275,0.013382425997035763
966,195,5,IID,0.441025641025641,regularized_logistic,0.5337102624279922,0.46220196418344783,0.25530909061305024,0.703784530284275,0.441025641025641,0.5,0.09396546275249396,0.5,0.441025641025641,0.24825416506859027,0.6896542284721289,-0.007054925544459967,-0.01413030181214614
967,195,5,IID,0.5128205128205128,regularized_logistic,0.4883157894736842,0.5357312773498348,0.2509241769382478,0.6949968416946966,0.48717948717948717,0.5,0.03289956012101741,0.5,0.5128205128205128,0.2501818041712858,0.6935108066229192,-0.0007423727669619851,-0.0014860350717773585
968,195,5,IID,0.49230769230769234,regularized_logistic,0.4975799663299663,0.47169100738356007,0.2510145598769123,0.6951785538803656,0.49230769230769234,0.5,0.032627171816504985,0.5,0.49230769230769234,0.25026222462736364,0.6936726651684767,-0.0007523352495486524,-0.0015058887118889475
969,195,5,IID,0.5076923076923077,regularized_logistic,0.48011363636363635,0.5261906480159206,0.25030291161066853,0.6937531440439895,0.49230769230769234,0.5,0.017837692268560912,0.5,0.5076923076923077,0.25028071853015504,0.6937087218243515,-2.219308051348845e-05,-4.442221963796289e-05
970,195,5,IID,0.441025641025641,regularized_logistic,0.4589289524215916,0.42532493095259805,0.24736321746048945,0.6878683646767084,0.558974358974359,0.5,0.028954848097593633,0.5,0.441025641025641,0.2511549057003602,0.6954572556450894,0.0037916882398707497,0.007588890968381001
971,195,5,IID,0.5128205128205128,regularized_logistic,0.5124210526315789,0.5333882596702855,0.2505550876338957,0.6942630006582823,0.5128205128205128,0.5,0.026976066917632324,0.5,0.5128205128205128,0.252336694109797,0.6978317778346873,0.001781606475901254,0.0035687771764050247
972,195,5,IID,0.5076923076923077,regularized_logistic,0.5033670033670035,0.504217964864159,0.2500355845710905,0.6932185459972933,0.5076923076923077,0.5004734848484849,0.0025864004515009057,0.5,0.5076923076923077,0.2504881444625997,0.6941238717621239,0.0004525598915092188,0.0009053257648306001
973,195,5,IID,0.4717948717948718,regularized_logistic,0.4493457154917686,0.4399084372337927,0.2506235846811698,0.6944265429823068,0.5282051282051282,0.5,0.031958633499252154,0.5,0.4717948717948718,0.24963574367030417,0.6924186182360799,-0.000987841010865631,-0.002007924746226908
974,195,5,IID,0.47692307692307695,regularized_logistic,0.5180265654648956,0.5222797933299879,0.25125390909278206,0.6956562721082485,0.47692307692307695,0.5,0.04307611588808452,0.5,0.47692307692307695,0.2499625393389481,0.6930722591702336,-0.0012913697538339541,-0.0025840129380149124
975,195,5,IID,0.5333333333333333,regularized_logistic,0.5010566356720203,0.5366808139113302,0.25372637070520376,0.7006173501599607,0.4666666666666667,0.5,0.06901605288523194,0.5,0.5333333333333333,0.2511340300070579,0.6954158897665687,-0.0025923406981458452,-0.005201460393392088
976,195,5,IID,0.5846153846153846,regularized_logistic,0.46534546242148583,0.5982690842901552,0.25276763280325765,0.6986841848747767,0.4153846153846154,0.5,0.09955194012251917,0.5,0.5846153846153846,0.24931777463708343,0.6917826991570096,-0.0034498581661742134,-0.006901485717767053
977,195,5,IID,0.47692307692307695,regularized_logistic,0.49820788530465954,0.49127768326237625,0.24950372270140178,0.6921544632230335,0.5230769230769231,0.5,0.006844110775312828,0.5,0.47692307692307695,0.24948506039415125,0.6921170175677622,-1.8662307250533194e-05,-3.74456552713065e-05
978,195,5,IID,0.5692307692307692,regularized_logistic,0.5202702702702703,0.620417871513128,0.24990562342821618,0.6929584130377636,0.5076923076923077,0.5125482625482626,0.06961583249762329,0.5,0.5692307692307692,0.24843721267462812,0.6900209967347637,-0.0014684107535880564,-0.002937416302999929
979,195,5,IID,0.5230769230769231,regularized_logistic,0.5315201349356946,0.555049410050379,0.2571180430835845,0.7074897732742502,0.47692307692307695,0.5,0.0880278190406828,0.5,0.5230769230769231,0.24982635696384753,0.6927998869693919,-0.007291686119736962,-0.014689886304858346
980,195,5,IID,0.5538461538461539,regularized_logistic,0.4443380161770966,0.5237346865289061,0.24808593669411666,0.6893168781395215,0.5538461538461539,0.5,0.028725014019471362,0.5,0.5538461538461539,0.2502731528426495,0.6936934907733038,0.0021872161485328445,0.004376612633782306
981,195,5,IID,0.49743589743589745,regularized_logistic,0.5227224910582791,0.5365433163632074,0.2509100526209913,0.6949699916896908,0.49743589743589745,0.5,0.03257574137080199,0.5,0.49743589743589745,0.25003602458147905,0.6932192467730357,-0.0008740280395122535,-0.001750744916655056
982,195,5,IID,0.6,regularized_logistic,0.5402147709840018,0.6212572881274772,0.24989944832618385,0.6929464084746285,0.5384615384615384,0.5384615384615384,0.09979565950497817,0.5,0.6,0.24887644286592453,0.6908999675031384,-0.0010230054602593242,-0.0020464409714900933
983,195,5,IID,0.5282051282051282,regularized_logistic,0.4706627268889827,0.5275863835008769,0.25133631632899295,0.6958241911467247,0.4666666666666667,0.4754115660616294,0.04581140775637535,0.5,0.5282051282051282,0.24956982411527862,0.6922867430763465,-0.0017664922137143324,-0.0035374480703781463
984,195,5,IID,0.48717948717948717,regularized_logistic,0.5591578947368422,0.5500050518211246,0.2499351529192214,0.6930174862020378,0.5435897435897435,0.543421052631579,0.04311445382422265,0.5,0.48717948717948717,0.25090061453697815,0.69495912611096,0.0009654616177567632,0.0019416399089221548
985,195,5,IID,0.5230769230769231,regularized_logistic,0.5443811933375501,0.5631386767794897,0.25531819579843007,0.7038359504557198,0.47692307692307695,0.5,0.07788647325609949,0.5,0.5230769230769231,0.2509712976730257,0.6950904960512377,-0.004346898125404397,-0.008745454404482045
986,195,5,IID,0.4717948717948718,regularized_logistic,0.47551709582102153,0.4680959695642322,0.2495264770767765,0.6922001077585326,0.5282051282051282,0.5,0.013367782592068778,0.5,0.4717948717948718,0.24920498985112055,0.6915563187925112,-0.00032148722565594756,-0.0006437889660213525
987,195,5,IID,0.5128205128205128,regularized_logistic,0.48747368421052634,0.4928743007685763,0.2559114032933702,0.7050618539023392,0.48717948717948717,0.5,0.07783823291846564,0.5,0.5128205128205128,0.2521741018810892,0.6975048634993242,-0.0037373014122810133,-0.007556990403015051
988,195,5,IID,0.4564102564102564,regularized_logistic,0.517807928768285,0.49251395955290855,0.24912699291372387,0.6914008479399226,0.5435897435897435,0.5,0.03370796599787801,0.5,0.4564102564102564,0.24897255511831023,0.6910918017019106,-0.00015443779541363112,-0.0003090462380119785
989,195,5,IID,0.49230769230769234,regularized_logistic,0.5387205387205386,0.5453603084996786,0.24976686777274637,0.6926830493912858,0.5128205128205128,0.5053661616161617,0.012059684692557953,0.5,0.49230769230769234,0.250943136502866,0.6950353409760847,0.0011762687301196117,0.0023522915847988823
990,195,5,IID,0.5076923076923077,regularized_logistic,0.46475168350168355,0.46810885767234434,0.254747371799846,0.7027099283517727,0.49230769230769234,0.5,0.06788030943409057,0.5,0.5076923076923077,0.25166944250340195,0.6964929551987991,-0.0030779292964440708,-0.006216973152973648
991,195,5,IID,0.49743589743589745,regularized_logistic,0.4904270986745214,0.4881350847954541,0.2500967604544218,0.6933407379092903,0.5025641025641026,0.5,0.0070741673545276496,0.5,0.49743589743589745,0.25001886167926746,0.6931849042780553,-7.789877515435029e-05,-0.0001558336312349473
992,195,5,IID,0.5692307692307692,regularized_logistic,0.45634920634920634,0.5509884532338601,0.24609189226045125,0.685317917151917,0.5692307692307692,0.5,0.029230666658558446,0.5,0.5692307692307692,0.24882390336935786,0.690794737161644,0.0027320111089066124,0.005476820009726935
993,195,5,IID,0.5692307692307692,regularized_logistic,0.5032175032175032,0.5673245831331266,0.2455784272173908,0.6842828228317406,0.5692307692307692,0.5,0.019412516152549242,0.5,0.5692307692307692,0.2516030325797418,0.6963537570596551,0.0060246053623510265,0.012070934227914498
994,195,5,IID,0.4461538461538462,regularized_logistic,0.5262877820349086,0.4683611027334211,0.2494570114329744,0.6920611610455957,0.5538461538461539,0.5,0.048823797505839206,0.5,0.4461538461538462,0.2534154350533014,0.6999846139082032,0.003958423620326973,0.007923452862607538
995,195,5,IID,0.5794871794871795,regularized_logistic,0.46978199870494275,0.5711536612981869,0.2442989910448317,0.6817114436240836,0.5794871794871795,0.5,0.024437348367986944,0.5,0.5794871794871795,0.2484074402932404,0.689961588574338,0.004108449248408724,0.008250144950254334
996,195,5,IID,0.5076923076923077,regularized_logistic,0.5616582491582491,0.5290699023755596,0.2497915710875468,0.6927302849177825,0.5076923076923077,0.5,0.01774187144962336,0.5,0.5076923076923077,0.25026222462736364,0.6936726651684767,0.00047065353981684543,0.0009423802506941525
997,195,5,IID,0.5025641025641026,regularized_logistic,0.4895855249316221,0.5227011977108391,0.256051262142664,0.7054159918095573,0.5025641025641026,0.5,0.07712487949779989,0.5,0.5025641025641026,0.25045150692032736,0.6940513277069428,-0.005599755222336633,-0.011364664102614497
998,195,5,IID,0.49743589743589745,regularized_logistic,0.4957921312855039,0.4967947126061646,0.25076960361627537,0.6946917283143357,0.49743589743589745,0.4988954344624448,0.021096785651996748,0.5,0.49743589743589745,0.25032709339245773,0.6938016636657524,-0.00044251022381763816,-0.0008900646485833219
999,195,5,IID,0.46153846153846156,regularized_logistic,0.5633862433862434,0.5182092517879697,0.24979301703675186,0.6927711105719118,0.5384615384615384,0.5,0.036522299442004635,0.5,0.46153846153846156,0.24866355282583677,0.6904738559047575,-0.0011294642109150876,-0.002297254667154247
